run_id,step,cumulative_reward,episode_length,policy_loss,value_loss,entropy,reward_checkpoint,reward_wrong_way,reward_wall,reward_step,reward_speed,reward_jerk,end_wallcontact,end_lapscompleted,end_stalled,end_steplimit,end_trackswapped
ppo_car_jerk_lo,10000,-5.00958776473999,320.8800048828125,,,1.418938398361206,0.0476190485060215,-0.3571428656578064,-2.5,-0.7661120295524597,0.0007936095353215933,-0.03725576773285866,21.0,,8.0,,13.0
ppo_car_jerk_lo,20000,-4.506742000579834,314.4166564941406,,,1.4189382791519165,0.17391304671764374,-0.47826087474823,-3.2608695030212402,-0.9851583242416382,0.004320654086768627,-0.04623940959572792,30.0,,11.0,,5.0
ppo_car_jerk_lo,30000,-3.2312724590301514,588.2307739257812,0.016103047877550125,0.25859636068344116,1.4215983152389526,0.2666666805744171,-0.6000000238418579,-1.0,-2.0413758754730225,0.005276923533529043,-0.09726991504430771,3.0,,10.0,,2.0
ppo_car_jerk_lo,40000,-4.817399501800537,322.631591796875,,,1.4216824769973755,0.4615384638309479,-0.692307710647583,-3.557692289352417,-0.9417317509651184,0.005831813905388117,-0.04303252324461937,37.0,,8.0,,7.0
ppo_car_jerk_lo,50000,-4.146486759185791,431.1764831542969,0.022236911579966545,0.18569746613502502,1.4240814447402954,0.260869562625885,-0.47826087474823,-2.6086957454681396,-1.2762491703033447,0.009000304155051708,-0.05820537731051445,12.0,,8.0,,3.0
ppo_car_jerk_lo,60000,-4.987264156341553,499.0,,,1.4244059324264526,0.3571428656578064,-0.6428571343421936,-3.2142856121063232,-1.4282535314559937,0.0043632872402668,-0.06808061897754669,18.0,,9.0,,1.0
ppo_car_jerk_lo,70000,-3.5804054737091064,419.9444580078125,0.019083505496382713,0.0877486988902092,1.427372932434082,0.1111111119389534,-0.40740740299224854,-2.592592477798462,-1.118017554283142,0.00925927609205246,-0.05248036980628967,14.0,,9.0,,4.0
ppo_car_jerk_lo,80000,-4.911350250244141,329.2162170410156,,,1.4280542135238647,0.20000000298023224,-0.5,-3.4000000953674316,-0.9751418232917786,0.008539533242583275,-0.04683656245470047,34.0,,8.0,,8.0
ppo_car_jerk_lo,90000,-5.022899627685547,555.4705810546875,0.016392458230257034,0.1620062291622162,1.4288125038146973,0.2222222238779068,-0.6296296119689941,-3.1481480598449707,-1.401056170463562,0.006964676082134247,-0.06555337458848953,17.0,,8.0,,2.0
ppo_car_jerk_lo,100000,-4.566336154937744,714.0999755859375,,,1.4290589094161987,0.3636363744735718,-0.9090909361839294,-1.3636363744735718,-2.598853349685669,0.02288072183728218,-0.12062355130910873,3.0,,7.0,,1.0
ppo_car_jerk_lo,110000,-4.448091506958008,564.7619018554688,0.01633603498339653,0.09410631656646729,1.4307869672775269,0.47826087474823,-0.8695651888847351,-1.95652174949646,-2.064171314239502,0.014473999850451946,-0.09802863001823425,9.0,,11.0,,3.0
ppo_car_jerk_lo,120000,-4.368117809295654,737.8571166992188,,,1.4315040111541748,0.4285714328289032,-0.8095238208770752,-2.142857074737549,-1.9683815240859985,0.006934832781553268,-0.09263741970062256,9.0,,9.0,,3.0
ppo_car_jerk_lo,130000,-7.077786445617676,735.6875,0.018368355929851532,0.0404241643846035,1.4322441816329956,0.36000001430511475,-0.7200000286102295,-3.4000000953674316,-1.8855186700820923,0.006373285781592131,-0.09157061576843262,17.0,,5.0,,3.0
ppo_car_jerk_lo,140000,-4.022832870483398,512.625,,,1.4326812028884888,0.10526315867900848,-0.6315789222717285,-1.5789474248886108,-1.7291920185089111,0.004318465478718281,-0.08394104242324829,6.0,,10.0,,3.0
ppo_car_jerk_lo,150000,-4.447192192077637,510.9473571777344,0.015687623992562294,0.10187406837940216,1.4336203336715698,0.4285714328289032,-0.8571428656578064,-2.142857074737549,-1.8510558605194092,0.013436895795166492,-0.09035062044858932,9.0,,9.0,,3.0
ppo_car_jerk_lo,160000,-4.960284233093262,495.1666564941406,,,1.4343682527542114,0.40909090638160706,-0.7272727489471436,-2.7272727489471436,-1.6227861642837524,0.005633933935314417,-0.07791207730770111,12.0,,8.0,,2.0
ppo_car_jerk_lo,170000,-4.929348468780518,397.0384521484375,0.012411328963935375,0.14409439265727997,1.4349381923675537,0.3448275923728943,-0.6551724076271057,-3.1034483909606934,-1.4252526760101318,0.007283560000360012,-0.06938176602125168,18.0,,6.0,,5.0
ppo_car_jerk_lo,180000,-3.4307804107666016,460.9444580078125,,,1.4354649782180786,0.17391304671764374,-0.47826087474823,-1.95652174949646,-1.4446783065795898,0.0028255165088921785,-0.06913440674543381,9.0,,11.0,,3.0
ppo_car_jerk_lo,190000,-3.9594874382019043,449.7916564941406,0.01455860584974289,0.05426866188645363,1.4357589483261108,0.2142857164144516,-0.6071428656578064,-2.142857074737549,-1.5423730611801147,0.011106838472187519,-0.07510743290185928,12.0,,11.0,,5.0
ppo_car_jerk_lo,200000,-5.086026668548584,417.79998779296875,,,1.4361215829849243,0.3255814015865326,-0.6976743936538696,-3.1395349502563477,-1.3629871606826782,0.007791881449520588,-0.06461663544178009,27.0,,12.0,,4.0
ppo_car_jerk_lo,210000,-4.265476226806641,394.6190490722656,0.017035719007253647,0.13300003111362457,1.436140537261963,0.1666666716337204,-0.5833333134651184,-2.2916667461395264,-1.383562684059143,0.007210043258965015,-0.06436607986688614,11.0,,8.0,,5.0
ppo_car_jerk_lo,220000,-5.331789016723633,588.25,,,1.4361668825149536,0.380952388048172,-0.9047619104385376,-2.857142925262451,-1.7947279214859009,0.008003655821084976,-0.08560066670179367,12.0,,6.0,,3.0
ppo_car_jerk_lo,230000,-4.416261196136475,439.0,0.016544019803404808,0.09812813997268677,1.4364732503890991,0.0882352963089943,-0.44117647409439087,-2.941176414489746,-1.2417200803756714,0.00655893050134182,-0.05928106978535652,20.0,,11.0,,3.0
ppo_car_jerk_lo,240000,-4.656154155731201,246.70269775390625,,,1.4370343685150146,0.11363636702299118,-0.4318181872367859,-3.409090995788574,-0.8305841088294983,0.0028321039862930775,-0.04097873717546463,30.0,,7.0,,7.0
ppo_car_jerk_lo,250000,-5.474337100982666,575.875,0.016145719215273857,0.1670811027288437,1.4369971752166748,0.5,-1.0,-2.5,-2.050391435623169,0.004276346880942583,-0.09850195050239563,9.0,,7.0,,2.0
ppo_car_jerk_lo,260000,-4.049492835998535,584.4444580078125,,,1.4369181394577026,0.4000000059604645,-0.5600000023841858,-2.4000000953674316,-1.6842001676559448,0.010844395495951176,-0.08157981932163239,12.0,,9.0,,4.0
ppo_car_jerk_lo,270000,-5.106739044189453,390.7368469238281,0.018578706309199333,0.10206536203622818,1.436740517616272,0.1538461595773697,-0.38461539149284363,-3.461538553237915,-1.144521713256836,0.004819949623197317,-0.05465604364871979,18.0,,6.0,,2.0
ppo_car_jerk_lo,280000,-4.353740692138672,430.2962951660156,,,1.4361765384674072,0.10810811072587967,-0.4864864945411682,-2.8378379344940186,-1.2572249174118042,0.004678164608776569,-0.05941621959209442,21.0,,11.0,,5.0
ppo_car_jerk_lo,290000,-4.392843246459961,319.4705810546875,0.01868700236082077,0.11842126399278641,1.4363129138946533,0.0731707289814949,-0.4390243887901306,-2.9268293380737305,-1.060552716255188,0.007245333399623632,-0.05159705877304077,24.0,,11.0,,6.0
ppo_car_jerk_lo,300000,-3.567227840423584,528.5882568359375,,,1.4368191957473755,0.13636364042758942,-0.5,-1.8181818723678589,-1.6349272727966309,0.0062253414653241634,-0.08171550929546356,8.0,,11.0,,3.0
ppo_car_jerk_lo,310000,-4.820148468017578,546.4583129882812,0.017719553783535957,0.07286808639764786,1.4365379810333252,0.3235294222831726,-0.5,-2.941176414489746,-1.5451713800430298,0.009756965562701225,-0.07344789057970047,20.0,,11.0,,3.0
ppo_car_jerk_lo,320000,-4.500757694244385,420.5185241699219,,,1.4349677562713623,0.1818181872367859,-0.6060606241226196,-2.5757575035095215,-1.3777977228164673,0.0031650857999920845,-0.06517118960618973,17.0,,10.0,,6.0
ppo_car_jerk_lo,330000,-4.63821268081665,347.0,0.013676358386874199,0.11596604436635971,1.435079574584961,0.0,-0.31578946113586426,-3.1578948497772217,-1.1711515188217163,0.007203459739685059,-0.05804777517914772,12.0,,5.0,,2.0
ppo_car_jerk_lo,340000,-4.5539140701293945,552.47998046875,,,1.436063528060913,0.2702702581882477,-0.5135135054588318,-2.972972869873047,-1.4948569536209106,0.007273849565535784,-0.07222482562065125,22.0,,11.0,,4.0
ppo_car_jerk_lo,350000,-4.854780673980713,465.5625,0.013976478017866611,0.08660506457090378,1.4361228942871094,0.17391304671764374,-0.6086956262588501,-3.04347825050354,-1.2981605529785156,0.005930276121944189,-0.06239042803645134,14.0,,8.0,,1.0
ppo_car_jerk_lo,360000,-4.248797416687012,522.4210815429688,,,1.438014268875122,0.2916666567325592,-0.625,-2.0833332538604736,-1.6560063362121582,0.0029768042732030153,-0.08195117861032486,10.0,,9.0,,5.0
ppo_car_jerk_lo,370000,-4.338001728057861,476.1764831542969,,,1.438014268875122,0.05263157933950424,-0.6315789222717285,-2.1052632331848145,-1.7066593170166016,0.002723398618400097,-0.08120661228895187,8.0,,9.0,,2.0
ppo_car_jerk_lo,380000,-5.150391578674316,538.4285888671875,0.017462288960814476,0.057270072400569916,1.4381513595581055,0.2916666567325592,-0.75,-2.7083332538604736,-1.886846899986267,0.012260694056749344,-0.09053738415241241,13.0,,8.0,,3.0
ppo_car_jerk_lo,390000,-4.060666084289551,569.4736938476562,,,1.4381515979766846,0.23076923191547394,-0.5,-2.115384578704834,-1.6662776470184326,0.010658012703061104,-0.08097202330827713,11.0,,11.0,,4.0
ppo_car_jerk_lo,400000,-4.433935165405273,475.8888854980469,0.016453934833407402,0.100095734000206,1.4375451803207397,0.3684210479259491,-0.8421052694320679,-2.1052632331848145,-1.8055979013442993,0.00612555630505085,-0.08515260368585587,8.0,,9.0,,2.0
ppo_car_jerk_lo,410000,-4.445168495178223,469.952392578125,,,1.4374892711639404,0.3928571343421936,-0.6428571343421936,-2.6785714626312256,-1.411568522453308,0.003764734836295247,-0.06887293606996536,15.0,,8.0,,5.0
ppo_car_jerk_lo,420000,-3.5930051803588867,606.73681640625,0.017121458426117897,0.07377199828624725,1.4350221157073975,0.1666666716337204,-0.5416666865348816,-1.4583333730697632,-1.9232591390609741,0.003685907693579793,-0.09113778173923492,7.0,,14.0,,3.0
ppo_car_jerk_lo,430000,-4.496277809143066,438.6111145019531,,,1.4348310232162476,0.0476190485060215,-0.4285714328289032,-2.6190476417541504,-1.5064111948013306,0.008364248089492321,-0.07058298587799072,11.0,,8.0,,2.0
ppo_car_jerk_lo,440000,-5.076164245605469,553.3333129882812,0.015113504603505135,0.05884186178445816,1.4329490661621094,0.40740740299224854,-0.8518518805503845,-2.592592477798462,-1.723595142364502,0.005253140814602375,-0.08476846665143967,14.0,,9.0,,4.0
ppo_car_jerk_lo,450000,-3.769228935241699,484.0555419921875,,,1.4325509071350098,0.0416666679084301,-0.5,-1.6666666269302368,-1.4534785747528076,0.0044158585369586945,-0.07002118974924088,8.0,,11.0,,5.0
ppo_car_jerk_lo,460000,-4.196216583251953,414.6153869628906,0.02285698987543583,0.09146900475025177,1.4323855638504028,0.1785714328289032,-0.5,-2.3214285373687744,-1.542662262916565,0.009994677267968655,-0.07646096497774124,13.0,,12.0,,3.0
ppo_car_jerk_lo,470000,-4.402563571929932,625.875,,,1.4323476552963257,0.18518517911434174,-0.5185185074806213,-2.777777671813965,-1.4854485988616943,0.008586579002439976,-0.06826669722795486,15.0,,10.0,,2.0
ppo_car_jerk_lo,480000,-3.897426128387451,602.6875,0.013819979503750801,0.04490336775779724,1.4329335689544678,0.3181818127632141,-0.6363636255264282,-2.045454502105713,-1.7555580139160156,0.0027454642113298178,-0.08192473649978638,9.0,,11.0,,2.0
ppo_car_jerk_lo,490000,-3.9205985069274902,388.8518371582031,,,1.4331468343734741,0.032258063554763794,-0.4193548262119293,-2.2580645084381104,-1.355953574180603,0.005544609390199184,-0.06341547518968582,14.0,,12.0,,5.0
ppo_car_jerk_lo,500000,-4.755719184875488,495.4090881347656,0.017797958105802536,0.06621802598237991,1.431394100189209,0.18518517911434174,-0.7037037014961243,-2.407407522201538,-1.6163744926452637,0.0041535384953022,-0.07722506672143936,13.0,,10.0,,4.0
ppo_car_jerk_lo,510000,-4.181836128234863,534.3333129882812,,,1.4304651021957397,0.125,-0.5416666865348816,-2.0833332538604736,-1.604975938796997,0.004140239674597979,-0.07755710929632187,10.0,,11.0,,3.0
ppo_car_jerk_lo,520000,-3.501253604888916,518.9473876953125,0.015506475232541561,0.05772418528795242,1.4291422367095947,0.0,-0.47826087474823,-1.52173912525177,-1.7163279056549072,0.006303153932094574,-0.07913368940353394,7.0,,13.0,,3.0
ppo_car_jerk_lo,530000,-4.508512020111084,466.2592468261719,,,1.428186297416687,0.27272728085517883,-0.5454545617103577,-2.7272727489471436,-1.5280349254608154,0.006754460744559765,-0.07322732359170914,18.0,,11.0,,4.0
ppo_car_jerk_lo,540000,-4.06725549697876,419.9545593261719,0.014933471567928791,0.09975634515285492,1.4281128644943237,0.23076923191547394,-0.4615384638309479,-2.307692289352417,-1.422824501991272,0.006810036953538656,-0.06569485366344452,12.0,,10.0,,4.0
ppo_car_jerk_lo,550000,-4.245423793792725,378.0,,,1.4280496835708618,0.12903225421905518,-0.4193548262119293,-2.7419354915618896,-1.1728925704956055,0.003981189336627722,-0.05407698079943657,17.0,,10.0,,4.0
ppo_car_jerk_lo,560000,-3.763889789581299,646.5625,0.015594294294714928,0.06052082031965256,1.4277069568634033,0.1111111119389534,-0.5,-1.1111111640930176,-2.300631046295166,0.007564478553831577,-0.10786928981542587,4.0,,11.0,,3.0
ppo_car_jerk_lo,570000,-4.4922003746032715,534.2105102539062,,,1.4272994995117188,0.25,-0.5833333134651184,-2.5,-1.6941825151443481,0.008914133533835411,-0.07983354479074478,12.0,,10.0,,2.0
ppo_car_jerk_lo,580000,-3.7142319679260254,389.60870361328125,0.0146658169105649,0.0684649646282196,1.42691171169281,0.07999999821186066,-0.4000000059604645,-2.0,-1.4356566667556763,0.0049990504048764706,-0.06614454090595245,10.0,,11.0,,4.0
ppo_car_jerk_lo,590000,-5.187926769256592,510.1666564941406,,,1.4263476133346558,0.27272728085517883,-0.7727272510528564,-2.954545497894287,-1.6710195541381836,0.006509433966130018,-0.0797683447599411,13.0,,6.0,,3.0
ppo_car_jerk_lo,600000,-4.49068546295166,644.7692260742188,0.016062909737229347,0.08841356635093689,1.426703691482544,0.2142857164144516,-0.9285714030265808,-1.0714285373687744,-2.398242712020874,0.006486402824521065,-0.11777688562870026,3.0,,9.0,,2.0
ppo_car_jerk_lo,610000,-3.7006545066833496,557.7000122070312,,,1.4273396730422974,0.14814814925193787,-0.5185185074806213,-1.8518518209457397,-1.6532275676727295,0.007590633351355791,-0.07511299103498459,10.0,,12.0,,5.0
ppo_car_jerk_lo,620000,-4.4124860763549805,517.25,0.016834648326039314,0.05705709382891655,1.4270638227462769,0.20000000298023224,-0.5,-2.25,-1.657768726348877,0.0032777758315205574,-0.07608607411384583,9.0,,9.0,,2.0
ppo_car_jerk_lo,630000,-3.6861913204193115,669.88232421875,,,1.4264719486236572,0.3333333432674408,-0.8888888955116272,-0.5555555820465088,-2.532503843307495,0.008074895478785038,-0.12325423955917358,2.0,,13.0,,3.0
ppo_car_jerk_lo,640000,-4.790645122528076,438.3636474609375,0.018577266484498978,0.05837111547589302,1.4263293743133545,0.2647058963775635,-0.5588235259056091,-3.2352941036224365,-1.1361294984817505,0.0045750937424600124,-0.05658341199159622,22.0,,8.0,,4.0
ppo_car_jerk_lo,650000,-4.614190578460693,465.4285583496094,,,1.4259560108184814,0.2857142984867096,-0.5,-3.0357143878936768,-1.3987592458724976,0.003018345218151808,-0.06572549790143967,17.0,,9.0,,2.0
ppo_car_jerk_lo,660000,-4.0944743156433105,587.5294189453125,0.01852576434612274,0.07232208549976349,1.4258038997650146,0.3888888955116272,-0.5555555820465088,-1.3888888359069824,-2.218719720840454,0.012499742209911346,-0.10187377035617828,5.0,,8.0,,5.0
ppo_car_jerk_lo,670000,-4.444656848907471,566.2999877929688,,,1.4251784086227417,0.25,-0.6666666865348816,-1.875,-1.8890455961227417,0.0011835565092042089,-0.09376177191734314,9.0,,11.0,,4.0
ppo_car_jerk_lo,680000,-4.221647262573242,453.19049072265625,0.013616018928587437,0.07583601772785187,1.4250048398971558,0.17241379618644714,-0.517241358757019,-2.931034564971924,-1.3145296573638916,0.006630185060203075,-0.0629265308380127,17.0,,10.0,,2.0
ppo_car_jerk_lo,690000,-4.6290764808654785,642.388916015625,,,1.4239805936813354,0.47826087474823,-0.9130434989929199,-1.95652174949646,-2.011599540710449,0.008652472868561745,-0.09683544188737869,9.0,,11.0,,3.0
ppo_car_jerk_lo,700000,-4.446775436401367,585.88232421875,0.016862524673342705,0.06477203965187073,1.4239212274551392,0.3333333432674408,-0.8333333134651184,-1.6666666269302368,-2.215731143951416,0.008177305571734905,-0.10388825833797455,6.0,,10.0,,2.0
ppo_car_jerk_lo,710000,-4.008741855621338,530.4210815429688,,,1.423033356666565,0.25,-0.625,-1.875,-1.6812188625335693,0.00738150579854846,-0.08310315757989883,9.0,,11.0,,4.0
ppo_car_jerk_lo,720000,-4.504366397857666,575.047607421875,0.01805233582854271,0.0771675780415535,1.4230852127075195,0.16129031777381897,-0.6129032373428345,-2.4193549156188965,-1.5581209659576416,0.005267768166959286,-0.07731876522302628,15.0,,11.0,,5.0
ppo_car_jerk_lo,730000,-4.159243583679199,429.31817626953125,,,1.4237843751907349,0.1785714328289032,-0.4285714328289032,-2.6785714626312256,-1.3509465456008911,0.0051117101684212685,-0.06488319486379623,15.0,,10.0,,3.0
ppo_car_jerk_lo,740000,-4.34598970413208,339.4285583496094,,,1.4237843751907349,0.1315789520740509,-0.31578946113586426,-3.28947377204895,-1.0004624128341675,0.004428526386618614,-0.046662069857120514,25.0,,9.0,,4.0
ppo_car_jerk_lo,750000,-4.244138240814209,482.5,0.018169831484556198,0.1282118260860443,1.4229013919830322,0.42105263471603394,-0.6842105388641357,-2.1052632331848145,-1.8308607339859009,0.004976894706487656,-0.0901753157377243,8.0,,8.0,,3.0
ppo_car_jerk_lo,760000,-4.28242301940918,547.6428833007812,,,1.4228922128677368,0.15000000596046448,-0.550000011920929,-2.0,-1.5346190929412842,0.010737929493188858,-0.07382387667894363,8.0,,7.0,,5.0
ppo_car_jerk_lo,770000,-4.307698726654053,597.4761962890625,0.016252415254712105,0.06686824560165405,1.4238148927688599,0.2222222238779068,-0.5185185074806213,-2.222222328186035,-1.8611416816711426,0.006663980893790722,-0.08914380520582199,12.0,,13.0,,2.0
ppo_car_jerk_lo,780000,-4.288172721862793,591.9375,,,1.4238808155059814,0.15000000596046448,-0.6000000238418579,-2.0,-1.89662504196167,0.007537390571087599,-0.09205472469329834,8.0,,11.0,,1.0
ppo_car_jerk_lo,790000,-3.8165457248687744,458.15789794921875,0.015665588900446892,0.05361727997660637,1.4258633852005005,0.0,-0.47826087474823,-1.95652174949646,-1.5162006616592407,0.002076926175504923,-0.07408761233091354,9.0,,11.0,,3.0
ppo_car_jerk_lo,800000,-3.619335889816284,506.6499938964844,,,1.4260673522949219,0.5714285969734192,-0.8095238208770752,-1.4285714626312256,-1.931583285331726,0.006932583637535572,-0.09334777295589447,6.0,,11.0,,4.0
ppo_car_jerk_lo,810000,-4.919963359832764,526.9091186523438,0.017072375863790512,0.12274903059005737,1.4257339239120483,0.1785714328289032,-0.5357142686843872,-2.857142925262451,-1.6538004875183105,0.007673793938010931,-0.07824380695819855,16.0,,8.0,,4.0
ppo_car_jerk_lo,820000,-3.8864614963531494,438.9583435058594,,,1.4256727695465088,0.0,-0.4375,-2.34375,-1.3189224004745483,0.002951623173430562,-0.06200210005044937,15.0,,13.0,,4.0
ppo_car_jerk_lo,830000,-4.151994228363037,589.26318359375,0.015449544414877892,0.06006089597940445,1.4249190092086792,0.190476194024086,-0.8095238208770752,-1.4285714626312256,-2.1352932453155518,0.005201982334256172,-0.10046187043190002,6.0,,12.0,,3.0
ppo_car_jerk_lo,840000,-4.893963813781738,539.0625,,,1.424720048904419,0.260869562625885,-0.6086956262588501,-3.04347825050354,-1.5022467374801636,0.0038230379577726126,-0.07181868702173233,14.0,,8.0,,1.0
ppo_car_jerk_lo,850000,-4.732088565826416,460.95001220703125,0.020643915981054306,0.06528359651565552,1.4243559837341309,0.20000000298023224,-0.6399999856948853,-2.5999999046325684,-1.476019263267517,0.0018641024362295866,-0.07043147087097168,13.0,,7.0,,5.0
ppo_car_jerk_lo,860000,-4.389059543609619,500.29998779296875,,,1.4242007732391357,0.20000000298023224,-0.4399999976158142,-2.5999999046325684,-1.6038151979446411,0.00767409335821867,-0.07605984061956406,13.0,,10.0,,2.0
ppo_car_jerk_lo,870000,-4.1942644119262695,371.8928527832031,0.01596086099743843,0.11536610871553421,1.4246923923492432,0.1388888955116272,-0.3888888955116272,-2.9166667461395264,-1.158682107925415,0.005927568301558495,-0.05382127687335014,21.0,,10.0,,5.0
ppo_car_jerk_lo,880000,-3.761484384536743,457.631591796875,,,1.424963116645813,0.08695652335882187,-0.47826087474823,-1.95652174949646,-1.5138559341430664,0.0028624339029192924,-0.07445032149553299,9.0,,10.0,,4.0
ppo_car_jerk_lo,890000,-4.6867218017578125,350.3043518066406,0.019064368680119514,0.1298043429851532,1.4256618022918701,0.1034482792019844,-0.4137931168079376,-3.275861978530884,-1.1122275590896606,0.002947645029053092,-0.055148713290691376,19.0,,6.0,,4.0
ppo_car_jerk_lo,900000,-4.336009979248047,518.4736938476562,,,1.4260870218276978,0.13636364042758942,-0.40909090638160706,-2.2727272510528564,-1.7938892841339111,0.007467975839972496,-0.08634649962186813,10.0,,11.0,,1.0
ppo_car_jerk_lo,910000,-3.9752564430236816,515.2857055664062,0.018381543457508087,0.06073048710823059,1.4269003868103027,0.1538461595773697,-0.4615384638309479,-2.115384578704834,-1.6663181781768799,0.004428251646459103,-0.08107440918684006,11.0,,10.0,,5.0
ppo_car_jerk_lo,920000,-5.140224933624268,578.5714111328125,,,1.4275625944137573,0.24137930572032928,-0.6206896305084229,-2.931034564971924,-1.676662802696228,0.003370877355337143,-0.08255313336849213,17.0,,9.0,,3.0
ppo_car_jerk_lo,930000,-4.0387725830078125,519.7333374023438,0.016524115577340126,0.08870553970336914,1.42802894115448,0.23529411852359772,-0.7058823704719543,-1.470588207244873,-1.8362034559249878,0.009972859174013138,-0.08987832069396973,5.0,,9.0,,3.0
ppo_car_jerk_lo,940000,-4.039216995239258,529.1818237304688,,,1.4284422397613525,0.48148149251937866,-0.6666666865348816,-2.222222328186035,-1.7249921560287476,0.0038183610886335373,-0.08699797093868256,12.0,,11.0,,4.0
ppo_car_jerk_lo,950000,-3.93863582611084,534.11767578125,0.015726789832115173,0.03412258252501488,1.4288828372955322,0.13636364042758942,-0.5454545617103577,-2.045454502105713,-1.6530178785324097,0.005640024784952402,-0.07845462113618851,9.0,,11.0,,2.0
ppo_car_jerk_lo,960000,-3.728060483932495,571.9444580078125,,,1.4294278621673584,0.1818181872367859,-0.5909090638160706,-1.5909091234207153,-1.8734651803970337,0.0038730341475456953,-0.08932242542505264,7.0,,12.0,,3.0
ppo_car_jerk_lo,970000,-3.9153809547424316,575.875,0.01658904366195202,0.03689746931195259,1.4297987222671509,0.21052631735801697,-0.6842105388641357,-1.5789474248886108,-1.9426077604293823,0.00566658703610301,-0.09759555757045746,6.0,,12.0,,1.0
ppo_car_jerk_lo,980000,-3.7032551765441895,467.0,,,1.4304505586624146,0.13636364042758942,-0.5,-1.8181818723678589,-1.3565303087234497,0.003849836066365242,-0.06409911066293716,8.0,,8.0,,6.0
ppo_car_jerk_lo,990000,-4.024838924407959,585.5789184570312,0.012168444693088531,0.04430126026272774,1.4309165477752686,0.1599999964237213,-0.5600000023841858,-2.0,-1.7816799879074097,0.005661473609507084,-0.08666408807039261,10.0,,12.0,,3.0
ppo_car_jerk_lo,1000000,-4.014649391174316,557.772705078125,,,1.431703805923462,0.1428571492433548,-0.5714285969734192,-1.9642857313156128,-1.755294680595398,0.004422818310558796,-0.08312836289405823,11.0,,15.0,,2.0
ppo_car_jerk_lo,1010000,-4.120377063751221,507.5185241699219,0.018120160326361656,0.0382329486310482,1.4314675331115723,0.11428571492433548,-0.6000000238418579,-2.142857074737549,-1.5684574842453003,0.005253375507891178,-0.07780246436595917,15.0,,16.0,,4.0
ppo_car_jerk_lo,1020000,-4.1631059646606445,340.0869445800781,,,1.4308065176010132,0.06451612710952759,-0.3870967626571655,-2.903225898742676,-1.005924105644226,0.007134404964745045,-0.04806238040328026,18.0,,8.0,,5.0
ppo_car_jerk_lo,1030000,-4.029382705688477,704.5,0.015443120151758194,0.11641620099544525,1.4307836294174194,0.3684210479259491,-0.5789473652839661,-1.8421052694320679,-2.078211784362793,0.0026297152508050203,-0.10409509390592575,7.0,,10.0,,2.0
ppo_car_jerk_lo,1040000,-3.5804216861724854,681.3636474609375,,,1.4306844472885132,0.1818181872367859,-0.8181818127632141,0.0,-2.728240728378296,0.00957101583480835,-0.13456422090530396,,,10.0,,1.0
ppo_car_jerk_lo,1050000,-4.928085803985596,312.6190490722656,0.02079140953719616,0.1254049837589264,1.4306926727294922,0.2545454502105713,-0.4727272689342499,-3.545454502105713,-0.953972578048706,0.002609448740258813,-0.04553721845149994,39.0,,6.0,,10.0
ppo_car_jerk_lo,1060000,-3.6531639099121094,651.0,,,1.430721402168274,0.2222222238779068,-0.6666666865348816,-1.3888888359069824,-2.028198480606079,0.005371692590415478,-0.09722182899713516,5.0,,12.0,,1.0
ppo_car_jerk_lo,1070000,-3.609978199005127,560.7999877929688,0.020635327324271202,0.049505677074193954,1.430652141571045,0.1111111119389534,-0.6111111044883728,-1.3888888359069824,-1.8709203004837036,0.00919011328369379,-0.09039750695228577,5.0,,11.0,,2.0
ppo_car_jerk_lo,1080000,-4.556187629699707,505.5555419921875,,,1.4301927089691162,0.1111111119389534,-0.48148149251937866,-2.777777671813965,-1.3503499031066895,0.006710115820169449,-0.06514792889356613,15.0,,10.0,,2.0
ppo_car_jerk_lo,1090000,-3.9081618785858154,502.0666809082031,0.012894893996417522,0.04545946791768074,1.4301908016204834,0.29411765933036804,-0.7058823704719543,-1.470588207244873,-1.7742120027542114,0.004272593185305595,-0.09045752882957458,5.0,,9.0,,3.0
ppo_car_jerk_lo,1100000,-4.015927791595459,601.5499877929688,,,1.4301530122756958,0.25,-0.6666666865348816,-1.6666666269302368,-2.0070862770080566,0.0072264219634234905,-0.09667613357305527,8.0,,12.0,,4.0
ppo_car_jerk_lo,1110000,-4.39607048034668,498.65216064453125,0.01838584430515766,0.0800192803144455,1.4301490783691406,0.2083333283662796,-0.75,-1.875,-1.9136056900024414,0.008258949033915997,-0.08756057918071747,9.0,,12.0,,3.0
ppo_car_jerk_lo,1120000,-4.075631618499756,614.5499877929688,,,1.4295289516448975,0.47826087474823,-0.8695651888847351,-1.52173912525177,-2.1373918056488037,0.00409773550927639,-0.10200413316488266,7.0,,12.0,,4.0
ppo_car_jerk_lo,1130000,-3.7114744186401367,492.9285583496094,,,1.4295289516448975,0.0555555559694767,-0.5,-1.9444444179534912,-1.5353710651397705,0.0002272589917993173,-0.07368306815624237,7.0,,9.0,,2.0
ppo_car_jerk_lo,1140000,-3.8161752223968506,609.368408203125,0.01897880807518959,0.041886456310749054,1.4294838905334473,0.2380952388048172,-0.6666666865348816,-1.1904761791229248,-2.2076785564422607,0.004278468433767557,-0.10641171038150787,5.0,,12.0,,4.0
ppo_car_jerk_lo,1150000,-4.843475818634033,519.6842041015625,,,1.4294813871383667,0.2083333283662796,-0.625,-2.2916667461395264,-1.6488131284713745,0.005202919710427523,-0.07915890961885452,11.0,,11.0,,2.0
ppo_car_jerk_lo,1160000,-3.9635040760040283,456.4545593261719,0.02007852867245674,0.04357213154435158,1.4297475814819336,0.14814814925193787,-0.5185185074806213,-2.222222328186035,-1.4887553453445435,0.0029255126137286425,-0.06939704716205597,12.0,,9.0,,6.0
ppo_car_jerk_lo,1170000,-3.9851086139678955,473.3125,,,1.4297715425491333,0.095238097012043,-0.4285714328289032,-2.3809523582458496,-1.4440304040908813,0.001676945248618722,-0.06998545676469803,10.0,,9.0,,2.0
ppo_car_jerk_lo,1180000,-4.5327043533325195,941.5833129882812,0.018423648551106453,0.07130596041679382,1.4294949769973755,0.5,-0.9375,-1.25,-2.8276820182800293,0.00445086183026433,-0.14010407030582428,4.0,,12.0,,
ppo_car_jerk_lo,1190000,-3.729858636856079,433.9545593261719,,,1.429455041885376,0.14814814925193787,-0.5925925970077515,-2.0370371341705322,-1.4159057140350342,0.002439758274704218,-0.06963197141885757,11.0,,12.0,,4.0
ppo_car_jerk_lo,1200000,-4.552576541900635,393.53125,0.01568661257624626,0.052787765860557556,1.4292457103729248,0.07894736528396606,-0.5526315569877625,-2.6315789222717285,-1.3268870115280151,0.0050162822008132935,-0.06408663839101791,20.0,,11.0,,7.0
ppo_car_jerk_lo,1210000,-3.953836441040039,478.23809814453125,,,1.429186463356018,0.13333334028720856,-0.5,-2.3333332538604736,-1.3411529064178467,0.0028990653809159994,-0.063229039311409,14.0,,12.0,,4.0
ppo_car_jerk_lo,1220000,-3.8465213775634766,713.7142944335938,0.01726922206580639,0.101227767765522,1.4291151762008667,0.1666666716337204,-0.5555555820465088,-1.3888888359069824,-2.2236404418945312,0.005347627680748701,-0.1082921028137207,5.0,,13.0,,
ppo_car_jerk_lo,1230000,-3.69094181060791,439.1000061035156,,,1.4290930032730103,0.1666666716337204,-0.4583333432674408,-2.0833332538604736,-1.4654799699783325,0.0019490666454657912,-0.0706079974770546,10.0,,10.0,,4.0
ppo_car_jerk_lo,1240000,-4.110626220703125,423.4444580078125,0.014848238788545132,0.03617475926876068,1.4290754795074463,0.15000000596046448,-0.550000011920929,-2.0,-1.5259720087051392,0.0018199121113866568,-0.07490748167037964,8.0,,8.0,,4.0
ppo_car_jerk_lo,1250000,-5.300849914550781,395.75,,,1.429067611694336,0.12121212482452393,-0.4848484992980957,-3.4848484992980957,-1.3431267738342285,0.001327031059190631,-0.0630776435136795,23.0,,5.0,,5.0
ppo_car_jerk_lo,1260000,-4.099645614624023,501.5789489746094,0.02081068977713585,0.14185649156570435,1.4296926259994507,0.1666666716337204,-0.5,-2.0833332538604736,-1.5906022787094116,0.0035717817954719067,-0.07576458156108856,10.0,,11.0,,3.0
ppo_car_jerk_lo,1270000,-4.738591194152832,594.625,,,1.4299805164337158,0.1304347813129425,-0.3913043439388275,-2.82608699798584,-1.6563150882720947,0.006881998851895332,-0.08200355619192123,13.0,,8.0,,2.0
ppo_car_jerk_lo,1280000,-4.210141181945801,395.5862121582031,0.016187531873583794,0.05667660012841225,1.4301743507385254,0.21052631735801697,-0.44736841320991516,-2.8947367668151855,-1.2082164287567139,0.004226514138281345,-0.06059493497014046,22.0,,11.0,,5.0
ppo_car_jerk_lo,1290000,-4.241947174072266,497.3157958984375,,,1.4303144216537476,0.0416666679084301,-0.5,-2.2916667461395264,-1.5770606994628906,0.0031683023553341627,-0.07632316648960114,11.0,,10.0,,3.0
ppo_car_jerk_lo,1300000,-4.26956033706665,359.4666748046875,0.01364919077605009,0.07716883718967438,1.430587887763977,0.13953489065170288,-0.3255814015865326,-3.1395349502563477,-1.0046775341033936,0.004565165378153324,-0.04829111695289612,27.0,,10.0,,6.0
ppo_car_jerk_lo,1310000,-3.9070820808410645,738.7647094726562,,,1.4308583736419678,0.5,-0.699999988079071,-1.25,-2.5147957801818848,0.003906519617885351,-0.12379615753889084,5.0,,14.0,,1.0
ppo_car_jerk_lo,1320000,-4.444993495941162,338.6666564941406,0.011489870958030224,0.08442923426628113,1.4317517280578613,0.0,-0.21621622145175934,-3.1081080436706543,-0.879802942276001,0.0032560715917497873,-0.04131912812590599,23.0,,8.0,,6.0
ppo_car_jerk_lo,1330000,-5.275546550750732,483.3500061035156,,,1.4326483011245728,0.1538461595773697,-0.5384615659713745,-3.269230842590332,-1.4889367818832397,0.0025674928911030293,-0.07171271741390228,17.0,,6.0,,3.0
ppo_car_jerk_lo,1340000,-3.9639968872070312,456.1764831542969,0.01725522242486477,0.1392556130886078,1.4328619241714478,0.10000000149011612,-0.6000000238418579,-2.0,-1.5529292821884155,0.008681493811309338,-0.0750003382563591,8.0,,10.0,,2.0
ppo_car_jerk_lo,1350000,-3.39703106880188,529.11767578125,,,1.4331399202346802,0.30000001192092896,-0.550000011920929,-1.5,-1.7998608350753784,0.0035167227033525705,-0.08940050005912781,6.0,,10.0,,4.0
ppo_car_jerk_lo,1360000,-4.428950309753418,392.7916564941406,0.01980075053870678,0.045199211686849594,1.4330496788024902,0.05882352963089943,-0.2647058963775635,-2.941176414489746,-1.1103379726409912,0.008885975927114487,-0.05406554788351059,20.0,,9.0,,5.0
ppo_car_jerk_lo,1370000,-4.675924301147461,410.19232177734375,,,1.4328670501708984,0.25806450843811035,-0.6129032373428345,-2.903225898742676,-1.3779479265213013,0.00509130023419857,-0.06519349664449692,18.0,,9.0,,4.0
ppo_car_jerk_lo,1380000,-3.953280448913574,638.5555419921875,0.016056913882493973,0.10478587448596954,1.4327150583267212,0.30000001192092896,-0.699999988079071,-1.25,-2.301394462585449,0.004988823086023331,-0.11209027469158173,5.0,,12.0,,3.0
ppo_car_jerk_lo,1390000,-4.546806335449219,482.1764831542969,,,1.4323896169662476,0.125,-0.4583333432674408,-2.9166667461395264,-1.3680179119110107,0.003993016202002764,-0.06513052433729172,14.0,,8.0,,2.0
ppo_car_jerk_lo,1400000,-4.331200122833252,596.5416870117188,0.016447070986032486,0.04886329919099808,1.4324055910110474,0.24137930572032928,-0.7241379022598267,-1.7241379022598267,-1.9759055376052856,0.0043740663677453995,-0.09466509521007538,10.0,,15.0,,4.0
ppo_car_jerk_lo,1410000,-4.080443859100342,434.52630615234375,,,1.4324491024017334,0.2083333283662796,-0.5416666865348816,-2.5,-1.3778544664382935,0.005727918352931738,-0.06670443713665009,12.0,,8.0,,4.0
ppo_car_jerk_lo,1420000,-3.8489863872528076,556.4210815429688,0.015085648745298386,0.07838740199804306,1.432186484336853,0.47826087474823,-0.6521739363670349,-1.95652174949646,-1.8402587175369263,0.011474511586129665,-0.0896795243024826,9.0,,11.0,,3.0
ppo_car_jerk_lo,1430000,-4.012016773223877,510.29412841796875,,,1.4313485622406006,0.0476190485060215,-0.6190476417541504,-1.9047619104385376,-1.6546411514282227,0.007818683050572872,-0.07778825610876083,8.0,,10.0,,3.0
ppo_car_jerk_lo,1440000,-4.0083842277526855,718.2666625976562,0.018892664462327957,0.0284795630723238,1.4312021732330322,0.15789473056793213,-0.6315789222717285,-1.3157894611358643,-2.269003391265869,0.003443442052230239,-0.1085972785949707,5.0,,12.0,,2.0
ppo_car_jerk_lo,1450000,-4.142449855804443,436.0,,,1.4303723573684692,0.03448275849223137,-0.48275861144065857,-2.2413792610168457,-1.5055370330810547,0.005380395334213972,-0.0712364986538887,13.0,,13.0,,3.0
ppo_car_jerk_lo,1460000,-4.029092311859131,393.71429443359375,0.016761325299739838,0.08152610063552856,1.4303182363510132,0.07407407462596893,-0.4444444477558136,-2.592592477798462,-1.2271708250045776,0.004001499619334936,-0.059059035032987595,14.0,,8.0,,5.0
ppo_car_jerk_lo,1470000,-4.760676383972168,667.1428833007812,,,1.429844617843628,0.2857142984867096,-0.7857142686843872,-1.4285714626312256,-2.671464681625366,0.013088931329548359,-0.12972001731395721,4.0,,9.0,,1.0
ppo_car_jerk_lo,1480000,-4.29452657699585,536.7619018554688,0.019610365852713585,0.06397075951099396,1.429835319519043,0.1538461595773697,-0.4615384638309479,-2.115384578704834,-1.736278772354126,0.005578477866947651,-0.08460742980241776,11.0,,11.0,,4.0
ppo_car_jerk_lo,1490000,-4.202915668487549,618.7222290039062,,,1.4297332763671875,0.22727273404598236,-0.6363636255264282,-1.3636363744735718,-2.0275585651397705,0.006070692557841539,-0.10060973465442657,6.0,,13.0,,3.0
ppo_car_jerk_lo,1500000,-4.388965606689453,358.137939453125,,,1.429733157157898,0.11428571492433548,-0.37142857909202576,-2.857142925262451,-1.1881918907165527,0.0021576336584985256,-0.056196872144937515,20.0,,10.0,,5.0
ppo_car_jerk_lo,1510000,-3.7580795288085938,452.9090881347656,0.015563343651592731,0.1055365726351738,1.4297021627426147,0.20000000298023224,-0.4000000059604645,-2.3333332538604736,-1.3290103673934937,0.0045228153467178345,-0.06338633596897125,14.0,,11.0,,5.0
ppo_car_jerk_lo,1520000,-4.6623101234436035,471.521728515625,,,1.4297020435333252,0.1666666716337204,-0.4000000059604645,-3.0,-1.4487462043762207,0.008505514822900295,-0.06872901320457458,18.0,,11.0,,1.0
ppo_car_jerk_lo,1530000,-3.253765106201172,475.2631530761719,0.01737142540514469,0.06628312170505524,1.4292062520980835,0.0,-0.3461538553237915,-1.923076868057251,-1.3869068622589111,0.0025604793336242437,-0.06583601981401443,10.0,,12.0,,4.0
ppo_car_jerk_lo,1540000,-3.7313480377197266,361.86956787109375,,,1.429180383682251,0.20000000298023224,-0.23999999463558197,-2.4000000953674316,-1.3337854146957397,0.0042898827232420444,-0.06320971995592117,12.0,,9.0,,4.0
ppo_car_jerk_lo,1550000,-4.237584114074707,474.5,0.013979567214846611,0.06090359017252922,1.4287984371185303,0.25806450843811035,-0.5483871102333069,-2.5806450843811035,-1.471225619316101,0.0021649596747010946,-0.06961185485124588,16.0,,11.0,,4.0
ppo_car_jerk_lo,1560000,-3.879528522491455,484.28570556640625,,,1.4287465810775757,0.16129031777381897,-0.4516128897666931,-2.4193549156188965,-1.3129487037658691,0.004172433167695999,-0.06042726710438728,15.0,,12.0,,4.0
ppo_car_jerk_lo,1570000,-4.012425899505615,640.3333129882812,0.014686904847621918,0.07704167813062668,1.4282984733581543,0.17391304671764374,-0.6086956262588501,-2.17391300201416,-1.6726267337799072,0.00699434382840991,-0.08228116482496262,10.0,,12.0,,1.0
ppo_car_jerk_lo,1580000,-3.589726209640503,380.77777099609375,,,1.428187608718872,0.0416666679084301,-0.2916666567325592,-2.0833332538604736,-1.1441534757614136,0.0030793389305472374,-0.051489055156707764,10.0,,9.0,,5.0
ppo_car_jerk_lo,1590000,-4.550147533416748,794.1764526367188,0.014931125566363335,0.03760630637407303,1.4281113147735596,0.6190476417541504,-0.9523809552192688,-1.6666666269302368,-2.5737993717193604,0.010661419481039047,-0.12078392505645752,7.0,,12.0,,2.0
ppo_car_jerk_lo,1600000,-4.434360980987549,420.5199890136719,,,1.4280942678451538,0.08571428805589676,-0.4285714328289032,-3.0,-1.199275255203247,0.006596538703888655,-0.0565897598862648,21.0,,10.0,,4.0
ppo_car_jerk_lo,1610000,-4.100518703460693,419.0,0.017426617443561554,0.11109614372253418,1.4280704259872437,0.0476190485060215,-0.523809552192688,-2.3809523582458496,-1.358415961265564,0.0068236710503697395,-0.06259767711162567,10.0,,8.0,,3.0
ppo_car_jerk_lo,1620000,-4.023181438446045,536.1738891601562,,,1.4280612468719482,0.23333333432674408,-0.4333333373069763,-2.3333332538604736,-1.645800232887268,0.006557024084031582,-0.07846890389919281,14.0,,12.0,,4.0
ppo_car_jerk_lo,1630000,-3.878427028656006,524.0,0.015100205317139626,0.06814446300268173,1.428003191947937,0.2142857164144516,-0.4642857015132904,-2.3214285373687744,-1.4243028163909912,0.0023720497265458107,-0.06751879304647446,13.0,,11.0,,4.0
ppo_car_jerk_lo,1640000,-4.638051986694336,401.4800109863281,,,1.4279749393463135,0.20000000298023224,-0.3142857253551483,-3.2857143878936768,-1.148966908454895,0.006310054566711187,-0.05614887550473213,23.0,,8.0,,4.0
ppo_car_jerk_lo,1650000,-4.720682621002197,400.4285583496094,0.017845794558525085,0.11627761274576187,1.4276844263076782,0.07999999821186066,-0.4399999976158142,-3.0,-1.347427487373352,0.004423066042363644,-0.06279435753822327,15.0,,8.0,,2.0
ppo_car_jerk_lo,1660000,-4.471283435821533,659.0714111328125,,,1.4274970293045044,0.3333333432674408,-0.761904776096344,-2.3809523582458496,-1.757776141166687,0.005704410839825869,-0.08458550274372101,10.0,,9.0,,2.0
ppo_car_jerk_lo,1670000,-4.399535179138184,391.10345458984375,0.014018133282661438,0.08647384494543076,1.427578091621399,0.1428571492433548,-0.4285714328289032,-2.5714285373687744,-1.2985531091690063,0.003523831255733967,-0.06475391238927841,18.0,,10.0,,7.0
ppo_car_jerk_lo,1680000,-4.410628318786621,487.368408203125,,,1.4276435375213623,0.380952388048172,-0.8095238208770752,-2.142857074737549,-1.7666386365890503,0.0022220127284526825,-0.08401000499725342,9.0,,10.0,,2.0
ppo_car_jerk_lo,1690000,-3.4351863861083984,467.5714416503906,0.019174568355083466,0.11887537688016891,1.4276840686798096,0.04545454680919647,-0.5909090638160706,-1.1363636255264282,-1.7862024307250977,0.00434055645018816,-0.08650486171245575,5.0,,12.0,,5.0
ppo_car_jerk_lo,1700000,-4.606047630310059,638.6470336914062,,,1.4277287721633911,0.20000000298023224,-0.6000000238418579,-2.0,-2.1737611293792725,0.010745549574494362,-0.10230673849582672,8.0,,10.0,,2.0
ppo_car_jerk_lo,1710000,-4.048254013061523,569.388916015625,0.015583708882331848,0.04887723922729492,1.4278439283370972,0.08695652335882187,-0.52173912525177,-1.95652174949646,-1.7846260070800781,0.005847104825079441,-0.08549249172210693,9.0,,12.0,,2.0
ppo_car_jerk_lo,1720000,-4.839678764343262,364.1428527832031,,,1.4280000925064087,0.08695652335882187,-0.52173912525177,-3.04347825050354,-1.3318547010421753,0.006205807905644178,-0.06230303645133972,14.0,,5.0,,4.0
ppo_car_jerk_lo,1730000,-5.00263786315918,570.9473876953125,0.016496650874614716,0.1059657484292984,1.4279565811157227,0.5,-0.8636363744735718,-2.7272727489471436,-1.9757484197616577,0.007205903064459562,-0.09440107643604279,12.0,,9.0,,1.0
ppo_car_jerk_lo,1740000,-3.5726664066314697,429.75,,,1.4278762340545654,0.2368421107530594,-0.42105263471603394,-2.236842155456543,-1.264602780342102,0.004486462101340294,-0.06037759408354759,17.0,,13.0,,8.0
ppo_car_jerk_lo,1750000,-3.2973010540008545,581.4666748046875,0.0177372545003891,0.04434117674827576,1.427702784538269,0.4736842215061188,-0.5789473652839661,-1.5789474248886108,-1.8382883071899414,0.005079954396933317,-0.08638827502727509,6.0,,11.0,,2.0
ppo_car_jerk_lo,1760000,-4.768757343292236,457.25,,,1.4273184537887573,0.1599999964237213,-0.6399999856948853,-2.799999952316284,-1.4650602340698242,0.0007146598072722554,-0.0705389454960823,14.0,,9.0,,2.0
ppo_car_jerk_lo,1770000,-4.874048233032227,442.4444580078125,0.01442235428839922,0.1398611068725586,1.4272377490997314,0.30000001192092896,-0.6666666865348816,-2.6666667461395264,-1.5941839218139648,0.008079935796558857,-0.07526522874832153,16.0,,8.0,,6.0
ppo_car_jerk_lo,1780000,-4.302090644836426,426.0799865722656,,,1.4269803762435913,0.125,-0.5,-2.65625,-1.3335437774658203,0.005336311645805836,-0.06469579041004181,17.0,,12.0,,3.0
ppo_car_jerk_lo,1790000,-3.430774211883545,573.5882568359375,0.020533015951514244,0.05701504275202751,1.4268946647644043,0.20000000298023224,-0.6000000238418579,-1.0,-1.9517680406570435,0.012247290462255478,-0.08907634019851685,4.0,,12.0,,4.0
ppo_car_jerk_lo,1800000,-4.3520402908325195,539.3333129882812,,,1.426513433456421,0.23999999463558197,-0.800000011920929,-2.0,-1.8134074211120605,0.005380894523113966,-0.08725665509700775,10.0,,12.0,,3.0
ppo_car_jerk_lo,1810000,-3.4898900985717773,522.3076782226562,0.015463600866496563,0.06007765606045723,1.4264835119247437,0.11764705926179886,-0.47058823704719543,-1.7647058963775635,-1.5998635292053223,0.005845803301781416,-0.07517614215612411,6.0,,9.0,,2.0
ppo_car_jerk_lo,1820000,-3.978550672531128,564.5384521484375,,,1.4263107776641846,0.23529411852359772,-0.5882353186607361,-1.7647058963775635,-1.7284342050552368,0.003248354885727167,-0.08145196735858917,6.0,,8.0,,3.0
ppo_car_jerk_lo,1830000,-4.658684253692627,496.25,0.020342741161584854,0.06130293384194374,1.4263111352920532,0.27586206793785095,-0.6896551847457886,-2.5862069129943848,-1.64458429813385,0.004633001517504454,-0.07759587466716766,15.0,,11.0,,3.0
ppo_car_jerk_lo,1840000,-4.092541694641113,620.1428833007812,,,1.4263170957565308,0.15000000596046448,-0.44999998807907104,-2.0,-1.7367656230926514,0.004128820728510618,-0.08101265132427216,8.0,,9.0,,3.0
ppo_car_jerk_lo,1850000,-3.765690326690674,675.4375,0.01311662420630455,0.02163577452301979,1.4263108968734741,0.23529411852359772,-0.8235294222831726,-0.5882353186607361,-2.543473958969116,0.007651748135685921,-0.12417200207710266,2.0,,12.0,,3.0
ppo_car_jerk_lo,1860000,-4.731774806976318,513.8636474609375,,,1.4261343479156494,0.11538461595773697,-0.5769230723381042,-2.5,-1.7412103414535522,0.009814594872295856,-0.07981870323419571,13.0,,10.0,,3.0
ppo_car_jerk_lo,1870000,-3.709878444671631,493.45001220703125,,,1.4261342287063599,0.09677419066429138,-0.35483869910240173,-2.5806450843811035,-1.272564172744751,0.0059052035212516785,-0.059982746839523315,16.0,,11.0,,4.0
ppo_car_jerk_lo,1880000,-4.104783058166504,517.5263061523438,0.020073845982551575,0.09595820307731628,1.4261775016784668,0.21739129722118378,-0.52173912525177,-2.17391300201416,-1.707662582397461,0.011970055289566517,-0.08184794336557388,10.0,,10.0,,3.0
ppo_car_jerk_lo,1890000,-3.9241554737091064,645.0,,,1.426178216934204,0.190476194024086,-0.4761904776096344,-2.3809523582458496,-1.5995441675186157,0.0038489371072500944,-0.07260241359472275,10.0,,10.0,,1.0
ppo_car_jerk_lo,1900000,-4.28289794921875,546.5416870117188,0.015766052529215813,0.05776530131697655,1.4260387420654297,0.36666667461395264,-0.6333333253860474,-2.1666667461395264,-1.7478690147399902,0.008291656151413918,-0.08361254632472992,13.0,,12.0,,5.0
ppo_car_jerk_lo,1910000,-4.735470771789551,290.6400146484375,,,1.426026701927185,0.125,-0.53125,-3.4375,-0.9104320406913757,0.002466052770614624,-0.04192604124546051,22.0,,6.0,,4.0
ppo_car_jerk_lo,1920000,-3.742964029312134,595.5625,0.014435000717639923,0.11724594980478287,1.4260042905807495,0.1818181872367859,-0.6363636255264282,-1.5909091234207153,-1.7332921028137207,0.004913148004561663,-0.08352981507778168,7.0,,11.0,,4.0
ppo_car_jerk_lo,1930000,-4.371938705444336,526.0,,,1.4260003566741943,0.13793103396892548,-0.6551724076271057,-2.068965435028076,-1.6703187227249146,0.006573008839040995,-0.07900037616491318,12.0,,13.0,,4.0
ppo_car_jerk_lo,1940000,-4.347324848175049,745.3846435546875,0.013565506786108017,0.05119608715176582,1.4259822368621826,0.29411765933036804,-0.6470588445663452,-1.7647058963775635,-2.283247232437134,0.01044933870434761,-0.11168646812438965,6.0,,11.0,,
ppo_car_jerk_lo,1950000,-3.815875291824341,535.0454711914062,,,1.4259778261184692,0.18518517911434174,-0.5555555820465088,-1.6666666269302368,-1.744931936264038,0.0037562756333500147,-0.08299361914396286,9.0,,14.0,,4.0
ppo_car_jerk_lo,1960000,-4.928375720977783,447.1363525390625,0.021420015022158623,0.03718002140522003,1.4259475469589233,0.19230769574642181,-0.7307692170143127,-2.884615421295166,-1.5144721269607544,0.001263012527488172,-0.07083901017904282,15.0,,7.0,,4.0
ppo_car_jerk_lo,1970000,-4.213992595672607,381.80950927734375,,,1.4259363412857056,0.1034482792019844,-0.4482758641242981,-2.931034564971924,-1.107703685760498,0.006103800609707832,-0.05351221188902855,17.0,,9.0,,3.0
ppo_car_jerk_lo,1980000,-4.465333461761475,593.2352905273438,0.013934201560914516,0.10975182056427002,1.425910472869873,0.3913043439388275,-0.5652173757553101,-2.3913042545318604,-1.7552189826965332,0.011880929581820965,-0.07861950248479843,11.0,,8.0,,4.0
ppo_car_jerk_lo,1990000,-4.733778476715088,547.611083984375,,,1.4258977174758911,0.25,-0.625,-2.7083332538604736,-1.6445133686065674,0.004140709061175585,-0.0768497958779335,13.0,,9.0,,2.0
ppo_car_jerk_lo,2000000,-3.9151573181152344,406.3157958984375,0.01610463112592697,0.12842147052288055,1.4258954524993896,0.125,-0.4166666567325592,-2.2916667461395264,-1.2876968383789062,0.001098013948649168,-0.06220854073762894,11.0,,8.0,,5.0
