run_id,step,cumulative_reward,episode_length,policy_loss,value_loss,entropy,reward_checkpoint,reward_wrong_way,reward_wall,reward_step,reward_speed,reward_jerk,reward_progress,markers_per_episode,physics_steps_charged,end_wallcontact,end_lapscompleted,end_stalled,end_steplimit,end_trackswapped,stalled_share
ppo_car_007_spread_b,10000,-5.357421875,383.47369384765625,,,1.418938398361206,0.05128205195069313,-0.3589743673801422,-2.4358973503112793,-0.7491728067398071,0.003291493747383356,-0.17499010264873505,0.028031833469867706,0.05128205195069313,749.1795043945312,19.0,,8.0,,12.0,0.20512820512820512
ppo_car_007_spread_b,20000,-5.586237907409668,391.31817626953125,,,1.4189382791519165,0.5,-0.5769230723381042,-3.846153736114502,-1.3271284103393555,0.019538739696145058,-0.32348179817199707,0.24918150901794434,0.5,1327.15380859375,20.0,,3.0,,3.0,0.11538461538461539
ppo_car_007_spread_b,30000,-4.987497329711914,405.5833435058594,0.013907035812735558,0.27750062942504883,1.4214621782302856,0.21875,-0.375,-3.28125,-1.2188466787338257,0.005202345084398985,-0.2943895161151886,0.11081410199403763,0.21875,1218.875,21.0,,8.0,,3.0,0.25
ppo_car_007_spread_b,40000,-4.760653495788574,387.17242431640625,,,1.421618103981018,0.29729729890823364,-0.4864864945411682,-3.1081080436706543,-1.2152448892593384,0.01038212701678276,-0.2968181371688843,0.1490076780319214,0.29729729890823364,1215.270263671875,23.0,,9.0,,5.0,0.24324324324324326
ppo_car_007_spread_b,50000,-4.345772743225098,418.29998779296875,0.014190256595611572,0.18854354321956635,1.42322838306427,0.4545454680919647,-0.7272727489471436,-2.5,-1.5229769945144653,0.013714062049984932,-0.3707661032676697,0.230499267578125,0.4545454680919647,1523.0,11.0,,8.0,,3.0,0.36363636363636365
ppo_car_007_spread_b,60000,-4.914529800415039,511.9166564941406,,,1.423438310623169,0.5483871102333069,-0.8709677457809448,-2.7419354915618896,-1.5870953798294067,0.005175205413252115,-0.3741762042045593,0.2765314280986786,0.5483871102333069,1587.1290283203125,17.0,,10.0,,4.0,0.3225806451612903
ppo_car_007_spread_b,70000,-4.409582614898682,530.11767578125,0.015003803186118603,0.10442906618118286,1.4253604412078857,0.3499999940395355,-0.550000011920929,-2.0,-1.8031654357910156,0.01026685070246458,-0.43307799100875854,0.1777367740869522,0.3499999940395355,1803.199951171875,8.0,,9.0,,3.0,0.45
ppo_car_007_spread_b,80000,-4.620691776275635,229.3103485107422,,,1.425729751586914,0.42105263471603394,-0.6578947305679321,-3.8157894611358643,-0.6922852993011475,0.010150730609893799,-0.1674359291791916,0.21692343056201935,0.42105263471603394,692.2894897460938,29.0,,2.0,,7.0,0.05263157894736842
ppo_car_007_spread_b,90000,-5.2708916664123535,493.1499938964844,0.01636039838194847,0.19424833357334137,1.4239628314971924,0.23999999463558197,-0.6399999856948853,-2.799999952316284,-1.580818772315979,0.011017704382538795,-0.38674139976501465,0.13896389305591583,0.23999999463558197,1580.8399658203125,14.0,,10.0,,1.0,0.4
ppo_car_007_spread_b,100000,-4.807637691497803,370.3333435058594,,,1.4235974550247192,0.1599999964237213,-0.5600000023841858,-3.0,-1.1573253870010376,0.009331243112683296,-0.27136602997779846,0.07992033660411835,0.1599999964237213,1157.3399658203125,30.0,,13.0,,7.0,0.26
ppo_car_007_spread_b,110000,-4.0244550704956055,336.0400085449219,0.010341058485209942,0.1783921718597412,1.4222736358642578,0.2647058963775635,-0.5,-2.941176414489746,-0.988921582698822,0.0005342577351257205,-0.2379043698310852,0.12980477511882782,0.2647058963775635,988.941162109375,20.0,,8.0,,6.0,0.23529411764705882
ppo_car_007_spread_b,120000,-4.258418560028076,581.1666870117188,,,1.4217439889907837,0.4583333432674408,-0.7083333134651184,-2.0833332538604736,-1.7452105283737183,0.01666264608502388,-0.4077654480934143,0.23442642390727997,0.4583333432674408,1745.25,10.0,,11.0,,3.0,0.4583333333333333
ppo_car_007_spread_b,130000,-4.824207305908203,497.1176452636719,0.015811916440725327,0.05285479873418808,1.4203147888183594,0.1428571492433548,-0.4761904776096344,-2.6190476417541504,-1.612505316734314,0.010697591118514538,-0.374533087015152,0.07003684341907501,0.1428571492433548,1612.5238037109375,11.0,,9.0,,1.0,0.42857142857142855
ppo_car_007_spread_b,140000,-4.457480430603027,413.77777099609375,,,1.4196408987045288,0.3870967626571655,-0.7419354915618896,-2.5806450843811035,-1.4441348314285278,0.0031228475272655487,-0.34710967540740967,0.17688171565532684,0.3870967626571655,1444.1612548828125,16.0,,10.0,,5.0,0.3225806451612903
ppo_car_007_spread_b,150000,-5.124591827392578,399.3599853515625,0.01728888973593712,0.15695741772651672,1.4184162616729736,0.29411765933036804,-0.529411792755127,-3.529411792755127,-1.1764283180236816,0.010059947147965431,-0.28791531920433044,0.154941126704216,0.29411765933036804,1176.441162109375,24.0,,7.0,,3.0,0.20588235294117646
ppo_car_007_spread_b,160000,-4.679902076721191,423.70587158203125,,,1.4177438020706177,0.2083333283662796,-0.4166666567325592,-3.125,-1.2008568048477173,0.0035225634928792715,-0.28097495436668396,0.08163819462060928,0.2083333283662796,1200.875,15.0,,6.0,,3.0,0.25
ppo_car_007_spread_b,170000,-4.667332172393799,337.9444580078125,0.016007710248231888,0.16325779259204865,1.4167966842651367,0.2926829159259796,-0.4878048896789551,-3.170731782913208,-1.1869539022445679,0.006891705561429262,-0.2851170003414154,0.15009243786334991,0.2926829159259796,1186.9755859375,26.0,,8.0,,7.0,0.1951219512195122
ppo_car_007_spread_b,180000,-4.116159439086914,281.9090881347656,,,1.4159830808639526,0.09090909361839294,-0.3636363744735718,-3.0681817531585693,-0.8468541502952576,0.005791902542114258,-0.20233498513698578,0.047938521951436996,0.09090909361839294,846.8636474609375,27.0,,11.0,,6.0,0.25
ppo_car_007_spread_b,190000,-5.128880023956299,508.7368469238281,0.022201893851161003,0.11684238910675049,1.4146511554718018,0.13636364042758942,-0.6818181872367859,-2.2727272510528564,-1.7606117725372314,0.016109393909573555,-0.4161352515220642,0.09365276247262955,0.13636364042758942,1760.6363525390625,10.0,,11.0,,1.0,0.5
ppo_car_007_spread_b,200000,-3.856189250946045,445.0,,,1.41329824924469,0.27272728085517883,-0.6363636255264282,-1.5909091234207153,-1.7006971836090088,0.006511200685054064,-0.3963020145893097,0.13727229833602905,0.27272728085517883,1700.727294921875,7.0,,10.0,,5.0,0.45454545454545453
ppo_car_007_spread_b,210000,-4.890164852142334,498.5,0.01518445648252964,0.11880196630954742,1.4124308824539185,0.44999998807907104,-0.8500000238418579,-2.25,-1.9962167739868164,0.01082700863480568,-0.47993719577789307,0.2248263657093048,0.44999998807907104,1996.25,9.0,,7.0,,4.0,0.35
ppo_car_007_spread_b,220000,-3.8754591941833496,439.0,,,1.4113712310791016,0.0357142873108387,-0.3928571343421936,-2.3214285373687744,-1.2561261653900146,0.005771661177277565,-0.29395923018455505,0.026025857776403427,0.0357142873108387,1256.142822265625,13.0,,11.0,,4.0,0.39285714285714285
ppo_car_007_spread_b,230000,-4.834721565246582,432.53570556640625,0.020263422280550003,0.06613040715456009,1.4113646745681763,0.28125,-0.59375,-2.8125,-1.5162845849990845,0.010486558079719543,-0.36091142892837524,0.140541672706604,0.28125,1516.3125,18.0,,10.0,,4.0,0.3125
ppo_car_007_spread_b,240000,-4.783186435699463,541.0908813476562,,,1.4113539457321167,0.3076923191547394,-0.7692307829856873,-2.307692289352417,-1.8335387706756592,0.007886280305683613,-0.4545038342475891,0.15230143070220947,0.3076923191547394,1833.576904296875,12.0,,10.0,,4.0,0.38461538461538464
ppo_car_007_spread_b,250000,-4.62493896484375,513.5,0.016910051926970482,0.09513391554355621,1.4113976955413818,0.2666666805744171,-0.6666666865348816,-2.0,-1.9201147556304932,0.019492218270897865,-0.4594496786594391,0.1322273313999176,0.2666666805744171,1920.13330078125,6.0,,8.0,,1.0,0.5333333333333333
ppo_car_007_spread_b,260000,-4.3177409172058105,552.8095092773438,,,1.4114843606948853,0.20000000298023224,-0.6399999856948853,-1.7999999523162842,-1.859329342842102,0.02768021821975708,-0.4263817071914673,0.10990043729543686,0.20000000298023224,1859.3599853515625,9.0,,12.0,,4.0,0.48
ppo_car_007_spread_b,270000,-4.975754737854004,568.375,0.017670772969722748,0.055265702307224274,1.4108374118804932,0.095238097012043,-0.6190476417541504,-2.3809523582458496,-1.734450340270996,0.007250016555190086,-0.4130186438560486,0.06277430802583694,0.095238097012043,1734.4761962890625,10.0,,9.0,,2.0,0.42857142857142855
ppo_car_007_spread_b,280000,-5.124128818511963,391.6666564941406,,,1.4090818166732788,0.125,-0.5625,-2.96875,-1.3232699632644653,0.017350265756249428,-0.3130793571472168,0.0778726115822792,0.125,1323.28125,19.0,,7.0,,6.0,0.21875
ppo_car_007_spread_b,290000,-4.219790458679199,494.5555419921875,0.01584635116159916,0.12973660230636597,1.4087318181991577,0.03999999910593033,-0.5600000023841858,-2.200000047683716,-1.4256983995437622,0.016394037753343582,-0.3398045301437378,0.03132843226194382,0.03999999910593033,1425.719970703125,11.0,,11.0,,3.0,0.44
ppo_car_007_spread_b,300000,-4.605725288391113,620.1875,,,1.4073402881622314,0.2777777910232544,-0.7222222089767456,-1.6666666269302368,-2.20723557472229,0.025005144998431206,-0.5010154247283936,0.14502988755702972,0.2777777910232544,2207.27783203125,6.0,,10.0,,2.0,0.5555555555555556
ppo_car_007_spread_b,310000,-4.4663896560668945,678.2777709960938,0.0175038930028677,0.041955795139074326,1.4070384502410889,0.40909090638160706,-0.7727272510528564,-1.8181818723678589,-2.221940040588379,0.011894051916897297,-0.5333933234214783,0.21053919196128845,0.40909090638160706,2222.0,8.0,,12.0,,2.0,0.5454545454545454
ppo_car_007_spread_b,320000,-5.089310169219971,378.40740966796875,,,1.4051437377929688,0.02777777798473835,-0.4444444477558136,-3.055555582046509,-1.1365463733673096,0.0033578958828002214,-0.26399698853492737,0.01681140810251236,0.02777777798473835,1136.5555419921875,22.0,,9.0,,5.0,0.25
ppo_car_007_spread_b,330000,-4.118185520172119,517.8499755859375,0.018638666719198227,0.09153485298156738,1.4049428701400757,0.27272728085517883,-0.7272727489471436,-1.5909091234207153,-1.8846535682678223,0.013212500140070915,-0.42329901456832886,0.14368951320648193,0.27272728085517883,1884.6817626953125,7.0,,12.0,,3.0,0.5454545454545454
ppo_car_007_spread_b,340000,-4.112434387207031,453.0,,,1.4023016691207886,0.29629629850387573,-0.5555555820465088,-2.407407522201538,-1.4779375791549683,0.0140420226380229,-0.3473386764526367,0.14854004979133606,0.29629629850387573,1477.9630126953125,13.0,,10.0,,4.0,0.37037037037037035
ppo_car_007_spread_b,350000,-4.20264196395874,395.15789794921875,0.01482691802084446,0.08805930614471436,1.4022630453109741,0.0,-0.4615384638309479,-2.5,-1.1565642356872559,0.010696458630263805,-0.275147020816803,0.017184441909193993,0.0,1156.576904296875,13.0,,9.0,,4.0,0.34615384615384615
ppo_car_007_spread_b,360000,-5.387129783630371,313.19354248046875,,,1.4012353420257568,0.20512820780277252,-0.5641025900840759,-3.846153736114502,-0.9970352649688721,0.016067346557974815,-0.23381873965263367,0.11277325451374054,0.20512820780277252,997.05126953125,30.0,,5.0,,4.0,0.1282051282051282
ppo_car_007_spread_b,370000,-5.098316669464111,655.9473876953125,,,1.4012353420257568,0.25925925374031067,-0.6296296119689941,-2.407407522201538,-1.8485162258148193,0.019820930436253548,-0.4246715307235718,0.1466582715511322,0.25925925374031067,1848.5555419921875,13.0,,11.0,,3.0,0.4074074074074074
ppo_car_007_spread_b,380000,-4.590824604034424,428.20001220703125,0.01652987115085125,0.1373162567615509,1.4007046222686768,0.1666666716337204,-0.5,-2.5,-1.4294377565383911,0.01848357543349266,-0.32631716132164,0.11979792267084122,0.1666666716337204,1429.4583740234375,12.0,,8.0,,4.0,0.3333333333333333
ppo_car_007_spread_b,390000,-4.672200679779053,611.5,,,1.4007033109664917,0.3333333432674408,-0.6190476417541504,-2.142857074737549,-1.8664393424987793,0.01688581146299839,-0.4266342520713806,0.19140487909317017,0.3333333432674408,1866.4761962890625,9.0,,10.0,,2.0,0.47619047619047616
ppo_car_007_spread_b,400000,-5.0817551612854,363.1153869628906,0.017568932846188545,0.07161450386047363,1.3986154794692993,0.11428571492433548,-0.3142857253551483,-3.2857143878936768,-1.0764964818954468,0.0077165765687823296,-0.25035181641578674,0.06373854726552963,0.11428571492433548,1076.5142822265625,23.0,,6.0,,6.0,0.17142857142857143
ppo_car_007_spread_b,410000,-5.001567840576172,492.8500061035156,,,1.398404836654663,0.3478260934352875,-0.8260869383811951,-2.3913042545318604,-1.7173644304275513,0.015569262206554413,-0.390421599149704,0.17648392915725708,0.3478260934352875,1717.391357421875,11.0,,10.0,,2.0,0.43478260869565216
ppo_car_007_spread_b,420000,-4.701401710510254,666.7333374023438,0.018894631415605545,0.13141532242298126,1.3965774774551392,0.31578946113586426,-0.8421052694320679,-1.5789474248886108,-2.1082823276519775,0.010930707678198814,-0.46928074955940247,0.16966786980628967,0.31578946113586426,2108.315673828125,6.0,,11.0,,2.0,0.5789473684210527
ppo_car_007_spread_b,430000,-4.116468906402588,341.5652160644531,,,1.3963489532470703,0.16129031777381897,-0.4516128897666931,-2.5806450843811035,-1.0105032920837402,0.004615336656570435,-0.23718711733818054,0.08209016919136047,0.16129031777381897,1010.51611328125,16.0,,9.0,,6.0,0.2903225806451613
ppo_car_007_spread_b,440000,-4.660707950592041,411.23077392578125,0.014617586508393288,0.08162028342485428,1.396216869354248,0.25,-0.53125,-2.8125,-1.337786316871643,0.025202618911862373,-0.30237776041030884,0.14149975776672363,0.25,1337.8125,18.0,,9.0,,5.0,0.28125
ppo_car_007_spread_b,450000,-5.045556545257568,466.6400146484375,,,1.3961913585662842,0.2222222238779068,-0.4444444477558136,-3.3333332538604736,-1.298237919807434,0.01582789234817028,-0.291627436876297,0.1080695167183876,0.2222222238779068,1298.25,24.0,,10.0,,2.0,0.2777777777777778
ppo_car_007_spread_b,460000,-4.593458652496338,654.5789184570312,0.016935814172029495,0.11139277368783951,1.3963696956634521,0.4000000059604645,-0.8399999737739563,-1.600000023841858,-1.991377592086792,0.004218469373881817,-0.46688807010650635,0.20629099011421204,0.4000000059604645,1991.4000244140625,8.0,,12.0,,5.0,0.48
ppo_car_007_spread_b,470000,-5.918349742889404,641.933349609375,,,1.3964124917984009,0.25,-0.8125,-2.5,-2.4104082584381104,0.03227458521723747,-0.5524247884750366,0.13141584396362305,0.25,2410.4375,8.0,,7.0,,1.0,0.4375
ppo_car_007_spread_b,480000,-4.037365436553955,422.1764831542969,0.015238538384437561,0.07743380218744278,1.3972060680389404,0.03846153989434242,-0.38461539149284363,-2.692307710647583,-1.1047605276107788,0.009722458198666573,-0.26024961471557617,0.024392064660787582,0.03846153989434242,1104.769287109375,14.0,,8.0,,4.0,0.3076923076923077
ppo_car_007_spread_b,490000,-4.64008903503418,688.1875,,,1.3975417613983154,0.3636363744735718,-0.8181818127632141,-1.8181818723678589,-2.0042808055877686,0.02859169989824295,-0.4443639814853668,0.181477352976799,0.3636363744735718,2004.3182373046875,8.0,,12.0,,2.0,0.5454545454545454
ppo_car_007_spread_b,500000,-4.576651573181152,538.25,0.017575178295373917,0.05236920714378357,1.398611068725586,0.52173912525177,-0.739130437374115,-2.17391300201416,-1.8733558654785156,0.01115270797163248,-0.43067309260368347,0.2708291709423065,0.52173912525177,1873.391357421875,10.0,,9.0,,4.0,0.391304347826087
ppo_car_007_spread_b,510000,-4.2925496101379395,579.1428833007812,,,1.3991496562957764,0.18518517911434174,-0.5185185074806213,-2.0370371341705322,-1.8046802282333374,0.01636641100049019,-0.42920491099357605,0.12011361122131348,0.18518517911434174,1804.7037353515625,11.0,,15.0,,1.0,0.5555555555555556
ppo_car_007_spread_b,520000,-4.903632640838623,455.7391357421875,0.020331334322690964,0.06471133232116699,1.3991234302520752,0.1034482792019844,-0.5517241358757019,-2.4137930870056152,-1.447670340538025,0.011872951872646809,-0.3390498161315918,0.052628498524427414,0.1034482792019844,1447.689697265625,14.0,,10.0,,5.0,0.3448275862068966
ppo_car_007_spread_b,530000,-3.3932082653045654,379.5714416503906,,,1.3991049528121948,0.125,-0.34375,-2.5,-0.9943011403083801,0.004709220957010984,-0.22868454456329346,0.05868220329284668,0.125,994.3125,16.0,,10.0,,6.0,0.3125
ppo_car_007_spread_b,540000,-4.018133163452148,642.8461303710938,0.018440334126353264,0.08634825050830841,1.3981294631958008,0.47058823704719543,-0.7647058963775635,-1.7647058963775635,-1.9689067602157593,0.0007023944635875523,-0.4580148160457611,0.23493722081184387,0.47058823704719543,1968.941162109375,6.0,,10.0,,1.0,0.5882352941176471
ppo_car_007_spread_b,550000,-3.883228063583374,585.1428833007812,,,1.3973561525344849,0.25,-0.550000011920929,-2.0,-1.6406723260879517,0.0024174381978809834,-0.3808656632900238,0.09988944977521896,0.25,1640.699951171875,8.0,,10.0,,2.0,0.5
ppo_car_007_spread_b,560000,-5.678999900817871,711.8333129882812,0.014657709747552872,0.03944704681634903,1.3960976600646973,0.2800000011920929,-0.6800000071525574,-2.4000000953674316,-2.052985906600952,0.03134746477007866,-0.46341291069984436,0.15492714941501617,0.2800000011920929,2053.0400390625,12.0,,11.0,,2.0,0.44
ppo_car_007_spread_b,570000,-4.19780969619751,435.29412841796875,,,1.3947690725326538,0.07692307978868484,-0.3461538553237915,-2.5,-1.1402955055236816,0.009613935835659504,-0.2530770003795624,0.061475720256567,0.07692307978868484,1140.3077392578125,13.0,,9.0,,4.0,0.34615384615384615
ppo_car_007_spread_b,580000,-5.261544704437256,611.727294921875,0.013275681994855404,0.07823563367128372,1.3940497636795044,0.28125,-0.5,-2.96875,-1.6841154098510742,0.02390819974243641,-0.3718484044075012,0.15232856571674347,0.28125,1684.15625,19.0,,9.0,,4.0,0.28125
ppo_car_007_spread_b,590000,-4.772531986236572,492.7894592285156,,,1.3931324481964111,0.23999999463558197,-0.5199999809265137,-2.5999999046325684,-1.4979325532913208,0.015405798330903053,-0.3238917291164398,0.1366049349308014,0.23999999463558197,1497.9599609375,13.0,,9.0,,3.0,0.36
ppo_car_007_spread_b,600000,-4.546524524688721,524.6842041015625,0.015938395634293556,0.09283558279275894,1.3930444717407227,0.190476194024086,-0.6666666865348816,-1.9047619104385376,-1.9001015424728394,0.013544240966439247,-0.42159131169319153,0.10172223299741745,0.190476194024086,1900.142822265625,8.0,,11.0,,2.0,0.5238095238095238
ppo_car_007_spread_b,610000,-4.660128116607666,501.20001220703125,,,1.3928924798965454,0.20000000298023224,-0.4399999976158142,-3.0,-1.204617977142334,0.018935685977339745,-0.2724519371986389,0.10125640779733658,0.20000000298023224,1204.6400146484375,15.0,,7.0,,3.0,0.28
ppo_car_007_spread_b,620000,-4.207724094390869,637.4444580078125,0.01912490837275982,0.057705558836460114,1.3924379348754883,0.2800000011920929,-0.6399999856948853,-2.0,-1.837554693222046,0.010741502046585083,-0.3925253450870514,0.14977328479290009,0.2800000011920929,1837.5999755859375,10.0,,12.0,,3.0,0.48
ppo_car_007_spread_b,630000,-4.239927291870117,455.3999938964844,,,1.3914235830307007,0.1111111119389534,-0.40740740299224854,-2.592592477798462,-1.350689172744751,0.0075628384947776794,-0.28105786442756653,0.06279760599136353,0.1111111119389534,1350.7037353515625,14.0,,9.0,,4.0,0.3333333333333333
ppo_car_007_spread_b,640000,-4.370003700256348,455.76922607421875,0.01251138187944889,0.07568022608757019,1.3912962675094604,0.3103448152542114,-0.7241379022598267,-2.2413792610168457,-1.6370024681091309,0.013295168988406658,-0.3499643802642822,0.1677054911851883,0.3103448152542114,1637.034423828125,13.0,,13.0,,3.0,0.4482758620689655
ppo_car_007_spread_b,650000,-4.82943868637085,369.5185241699219,,,1.3909467458724976,0.1764705926179886,-0.5,-3.2352941036224365,-1.175810694694519,0.015742279589176178,-0.2515755593776703,0.1085217148065567,0.1764705926179886,1175.823486328125,22.0,,7.0,,5.0,0.20588235294117646
ppo_car_007_spread_b,660000,-3.7979137897491455,481.79998779296875,0.015207489021122456,0.12073030322790146,1.3908615112304688,0.3076923191547394,-0.4615384638309479,-2.307692289352417,-1.4842065572738647,0.01433661486953497,-0.30847930908203125,0.162261500954628,0.3076923191547394,1484.230712890625,12.0,,10.0,,4.0,0.38461538461538464
ppo_car_007_spread_b,670000,-4.373306751251221,557.0,,,1.3905302286148071,0.21052631735801697,-0.6842105388641357,-1.5789474248886108,-1.8784911632537842,0.01418604701757431,-0.4034315347671509,0.11097507178783417,0.21052631735801697,1878.5263671875,6.0,,10.0,,3.0,0.5263157894736842
ppo_car_007_spread_b,680000,-5.712216854095459,544.4736938476562,0.018394676968455315,0.0906921997666359,1.390408992767334,0.3636363744735718,-0.6818181872367859,-3.1818182468414307,-1.8830418586730957,0.031054293736815453,-0.41398295760154724,0.20158344507217407,0.3636363744735718,1883.0909423828125,14.0,,6.0,,2.0,0.2727272727272727
ppo_car_007_spread_b,690000,-4.453178405761719,545.2000122070312,,,1.389764666557312,0.3461538553237915,-0.7692307829856873,-2.115384578704834,-1.679202675819397,0.00656172027811408,-0.3621242642402649,0.1919962465763092,0.3461538553237915,1679.230712890625,11.0,,10.0,,5.0,0.38461538461538464
ppo_car_007_spread_b,700000,-4.356882095336914,508.22222900390625,0.014201500453054905,0.07832561433315277,1.389877200126648,0.03333333507180214,-0.36666667461395264,-2.6666667461395264,-1.2220200300216675,0.01058097742497921,-0.27551835775375366,0.0381169356405735,0.03333333507180214,1222.0333251953125,16.0,,11.0,,3.0,0.36666666666666664
ppo_car_007_spread_b,710000,-4.499285697937012,401.8500061035156,,,1.3907235860824585,0.0,-0.4583333432674408,-2.5,-1.342528223991394,0.0047972421161830425,-0.28933045268058777,0.001409957418218255,0.0,1342.5416259765625,12.0,,10.0,,2.0,0.4166666666666667
ppo_car_007_spread_b,720000,-4.119339466094971,704.4666748046875,0.01729334332048893,0.036155976355075836,1.3906468152999878,0.2222222238779068,-0.7222222089767456,-1.1111111640930176,-2.3494420051574707,0.041915033012628555,-0.5083428621292114,0.162466362118721,0.2222222238779068,2349.5,4.0,,11.0,,3.0,0.6111111111111112
ppo_car_007_spread_b,730000,-5.162377834320068,384.9310302734375,,,1.3894304037094116,0.20512820780277252,-0.4871794879436493,-3.461538553237915,-1.1461360454559326,0.020112819969654083,-0.2411627173423767,0.119004026055336,0.20512820780277252,1146.15380859375,27.0,,6.0,,6.0,0.15384615384615385
ppo_car_007_spread_b,740000,-4.429056167602539,515.8499755859375,,,1.389430284500122,0.20000000298023224,-0.6000000238418579,-2.200000047683716,-1.6518157720565796,0.015188338235020638,-0.3487407863140106,0.08382408320903778,0.20000000298023224,1651.8399658203125,11.0,,12.0,,2.0,0.48
ppo_car_007_spread_b,750000,-4.083439350128174,413.6000061035156,0.014350569806993008,0.14265130460262299,1.3890115022659302,0.1111111119389534,-0.4444444477558136,-2.592592477798462,-1.2275009155273438,0.009969383478164673,-0.25608742237091064,0.07799339294433594,0.1111111119389534,1227.5185546875,14.0,,10.0,,3.0,0.37037037037037035
ppo_car_007_spread_b,760000,-4.6001667976379395,595.6470336914062,,,1.3890115022659302,0.25,-0.6000000238418579,-2.0,-2.0280537605285645,0.009913385845720768,-0.4234835207462311,0.13102813065052032,0.25,2028.0999755859375,8.0,,10.0,,2.0,0.5
ppo_car_007_spread_b,770000,-4.197148323059082,337.0833435058594,0.014426738023757935,0.05181551352143288,1.3880466222763062,0.06451612710952759,-0.32258063554763794,-2.7419354915618896,-1.0446298122406006,0.010480007156729698,-0.22912265360355377,0.047350525856018066,0.06451612710952759,1044.6451416015625,17.0,,9.0,,5.0,0.2903225806451613
ppo_car_007_spread_b,780000,-5.563421249389648,546.0454711914062,,,1.3879411220550537,0.20000000298023224,-0.6399999856948853,-2.5999999046325684,-1.9240891933441162,0.019723903387784958,-0.42047345638275146,0.12135864049196243,0.20000000298023224,1924.1199951171875,13.0,,8.0,,4.0,0.32
ppo_car_007_spread_b,790000,-3.9650697708129883,557.7391357421875,0.014926206320524216,0.10436325520277023,1.3883737325668335,0.10000000149011612,-0.6000000238418579,-1.5,-1.712646245956421,0.0026989118196070194,-0.3700159788131714,0.049349140375852585,0.10000000149011612,1712.6666259765625,9.0,,17.0,,4.0,0.5666666666666667
ppo_car_007_spread_b,800000,-3.693371534347534,608.125,,,1.3884220123291016,0.260869562625885,-0.47826087474823,-1.95652174949646,-1.693529725074768,0.018808433786034584,-0.37204667925834656,0.1297219693660736,0.260869562625885,1693.565185546875,9.0,,11.0,,3.0,0.4782608695652174
ppo_car_007_spread_b,810000,-4.647058486938477,616.6666870117188,0.013873644173145294,0.035524968057870865,1.3879303932189941,0.2857142984867096,-0.6190476417541504,-1.9047619104385376,-2.1168949604034424,0.015214729122817516,-0.45436617732048035,0.14303742349147797,0.2857142984867096,2116.90478515625,8.0,,11.0,,2.0,0.5238095238095238
ppo_car_007_spread_b,820000,-4.469750881195068,282.6666564941406,,,1.387842059135437,0.302325576543808,-0.5581395626068115,-3.1395349502563477,-0.9480562210083008,0.005052466411143541,-0.20381911098957062,0.13867920637130737,0.302325576543808,948.0697631835938,27.0,,8.0,,8.0,0.18604651162790697
ppo_car_007_spread_b,830000,-4.024459362030029,662.5714111328125,0.016270658001303673,0.14035741984844208,1.3874257802963257,0.44999998807907104,-0.800000011920929,-2.0,-1.8552159070968628,0.013297559693455696,-0.4055256247520447,0.23220576345920563,0.44999998807907104,1855.25,8.0,,10.0,,2.0,0.5
ppo_car_007_spread_b,840000,-4.9679436683654785,416.3333435058594,,,1.3873060941696167,0.2142857164144516,-0.5357142686843872,-3.2142856121063232,-1.251518964767456,0.019026856869459152,-0.27211275696754456,0.09939205646514893,0.2142857164144516,1251.5357666015625,18.0,,8.0,,2.0,0.2857142857142857
ppo_car_007_spread_b,850000,-4.751962661743164,751.3333129882812,0.014258770272135735,0.07831548899412155,1.3868653774261475,0.2631579041481018,-0.5789473652839661,-2.3684210777282715,-1.9006950855255127,0.013052109628915787,-0.41206094622612,0.13934338092803955,0.2631579041481018,1900.73681640625,9.0,,9.0,,1.0,0.47368421052631576
ppo_car_007_spread_b,860000,-4.465317726135254,686.076904296875,,,1.3867151737213135,0.1666666716337204,-0.5555555820465088,-1.9444444179534912,-1.9837908744812012,0.02955573983490467,-0.4345373809337616,0.10817303508520126,0.1666666716337204,1983.8333740234375,7.0,,9.0,,2.0,0.5
ppo_car_007_spread_b,870000,-4.896512508392334,464.5384521484375,0.012236805632710457,0.021780390292406082,1.3865602016448975,0.24242424964904785,-0.6363636255264282,-2.8787879943847656,-1.4645109176635742,0.009463456459343433,-0.31166407465934753,0.12254823744297028,0.24242424964904785,1464.54541015625,19.0,,9.0,,5.0,0.2727272727272727
ppo_car_007_spread_b,880000,-4.901058197021484,490.20001220703125,,,1.3864898681640625,0.10526315867900848,-0.5789473652839661,-2.6315789222717285,-1.5498180389404297,0.006561189889907837,-0.3357641398906708,0.06268268078565598,0.10526315867900848,1549.8421630859375,10.0,,6.0,,3.0,0.3157894736842105
ppo_car_007_spread_b,890000,-4.37693977355957,675.0,0.018891716375947,0.12954957783222198,1.38554048538208,0.30000001192092896,-0.6000000238418579,-1.75,-2.1619527339935303,0.0220487117767334,-0.47093501687049866,0.1586761772632599,0.30000001192092896,2162.0,7.0,,11.0,,2.0,0.55
ppo_car_007_spread_b,900000,-4.343417167663574,556.9000244140625,,,1.3849372863769531,0.23076923191547394,-0.6153846383094788,-2.115384578704834,-1.7153921127319336,0.006644297856837511,-0.35454806685447693,0.10760709643363953,0.23076923191547394,1715.423095703125,11.0,,12.0,,3.0,0.46153846153846156
ppo_car_007_spread_b,910000,-4.791962623596191,419.2727355957031,0.017509564757347107,0.0873018279671669,1.3850924968719482,0.1599999964237213,-0.47999998927116394,-2.799999952316284,-1.4765727519989014,0.021479127928614616,-0.31012919545173645,0.07840131223201752,0.1599999964237213,1476.5999755859375,14.0,,7.0,,4.0,0.28
ppo_car_007_spread_b,920000,-3.8776211738586426,524.8636474609375,,,1.3852061033248901,0.18518517911434174,-0.5925925970077515,-1.4814814329147339,-1.712199330329895,0.007782511878758669,-0.3610847294330597,0.10189738869667053,0.18518517911434174,1712.22216796875,8.0,,14.0,,5.0,0.5185185185185185
ppo_car_007_spread_b,930000,-4.418821334838867,361.4053955078125,0.019106490537524223,0.107854463160038,1.3851946592330933,0.25999999046325684,-0.47999998927116394,-3.0999999046325684,-1.070871114730835,0.004768996965140104,-0.2284224033355713,0.10288944840431213,0.25999999046325684,1070.8800048828125,31.0,,14.0,,5.0,0.28
ppo_car_007_spread_b,940000,-4.340028762817383,455.0,,,1.38518488407135,0.05000000074505806,-0.44999998807907104,-2.25,-1.3676341772079468,0.01357291266322136,-0.2917759120464325,0.03984304517507553,0.05000000074505806,1367.6500244140625,9.0,,9.0,,2.0,0.45
ppo_car_007_spread_b,950000,-4.671351432800293,453.9473571777344,0.013309922069311142,0.0841057151556015,1.3849483728408813,0.2083333283662796,-0.4583333432674408,-2.9166667461395264,-1.438971757888794,0.028364045545458794,-0.2965131402015686,0.1343064159154892,0.2083333283662796,1439.0,14.0,,6.0,,4.0,0.25
ppo_car_007_spread_b,960000,-4.354841709136963,585.611083984375,,,1.3846428394317627,0.1599999964237213,-0.47999998927116394,-2.0,-1.6886061429977417,0.012905956245958805,-0.3629119098186493,0.08244834095239639,0.1599999964237213,1688.6400146484375,10.0,,12.0,,3.0,0.48
ppo_car_007_spread_b,970000,-4.385993957519531,355.9615478515625,0.01835949532687664,0.08062218129634857,1.3845406770706177,0.16129031777381897,-0.5483871102333069,-2.5806450843811035,-1.194501280784607,0.009535394608974457,-0.2540547251701355,0.08500503748655319,0.16129031777381897,1194.51611328125,16.0,,9.0,,6.0,0.2903225806451613
ppo_car_007_spread_b,980000,-4.32198429107666,451.5,,,1.3844107389450073,0.1621621549129486,-0.5135135054588318,-2.8378379344940186,-1.2717134952545166,0.010554448701441288,-0.2678177058696747,0.08802149444818497,0.1621621549129486,1271.729736328125,21.0,,13.0,,3.0,0.35135135135135137
ppo_car_007_spread_b,990000,-4.366919994354248,423.7894592285156,0.019609592854976654,0.1003163754940033,1.3841323852539062,0.1599999964237213,-0.4399999976158142,-2.5999999046325684,-1.2905404567718506,0.010933038778603077,-0.28585270047187805,0.07850296050310135,0.1599999964237213,1290.56005859375,13.0,,10.0,,2.0,0.4
ppo_car_007_spread_b,1000000,-4.092860221862793,508.04998779296875,,,1.3835664987564087,0.10000000149011612,-0.4333333373069763,-2.3333332538604736,-1.3561474084854126,0.01199747622013092,-0.2863386869430542,0.06925594061613083,0.10000000149011612,1356.1666259765625,14.0,,11.0,,5.0,0.36666666666666664
ppo_car_007_spread_b,1010000,-4.704753398895264,524.7333374023438,0.014014920219779015,0.06080414727330208,1.3835203647613525,0.1428571492433548,-0.5714285969734192,-2.142857074737549,-1.50145423412323,0.01089564897119999,-0.32473549246788025,0.07284335792064667,0.1428571492433548,1501.4761962890625,9.0,,9.0,,3.0,0.42857142857142855
ppo_car_007_spread_b,1020000,-4.049797058105469,632.4210815429688,,,1.3834196329116821,0.17391304671764374,-0.6086956262588501,-1.3043478727340698,-2.0927069187164307,0.015816982835531235,-0.4386017918586731,0.08153526484966278,0.17391304671764374,2092.739013671875,6.0,,15.0,,2.0,0.6521739130434783
ppo_car_007_spread_b,1030000,-4.391985893249512,562.75,0.015528915449976921,0.04309806600213051,1.3832889795303345,0.13793103396892548,-0.517241358757019,-2.2413792610168457,-1.554600715637207,0.0058181616477668285,-0.3138273060321808,0.07443331927061081,0.13793103396892548,1554.6207275390625,13.0,,13.0,,3.0,0.4482758620689655
ppo_car_007_spread_b,1040000,-3.607283592224121,417.80767822265625,,,1.3828895092010498,0.20000000298023224,-0.5333333611488342,-1.8333333730697632,-1.4493707418441772,0.011302433907985687,-0.30719491839408875,0.12043680250644684,0.20000000298023224,1449.4000244140625,11.0,,12.0,,7.0,0.4
ppo_car_007_spread_b,1050000,-5.109349250793457,648.8125,0.016447585076093674,0.05149057134985924,1.3828057050704956,0.4545454680919647,-0.7727272510528564,-2.7272727489471436,-1.8903295993804932,0.011885975487530231,-0.39032217860221863,0.23320184648036957,0.4545454680919647,1890.3636474609375,12.0,,9.0,,1.0,0.4090909090909091
ppo_car_007_spread_b,1060000,-4.837302207946777,385.1111145019531,,,1.3824559450149536,0.09090909361839294,-0.3181818127632141,-2.954545497894287,-1.2623982429504395,0.012698322534561157,-0.2623576521873474,0.05400779843330383,0.09090909361839294,1262.4090576171875,13.0,,6.0,,3.0,0.2727272727272727
ppo_car_007_spread_b,1070000,-4.327916145324707,594.0526123046875,0.013018344528973103,0.07929392158985138,1.3822487592697144,0.38461539149284363,-0.6538461446762085,-2.307692289352417,-1.7381868362426758,0.015621304512023926,-0.3634738326072693,0.19265733659267426,0.38461539149284363,1738.230712890625,12.0,,11.0,,3.0,0.4230769230769231
ppo_car_007_spread_b,1080000,-4.0507378578186035,713.4285888671875,,,1.38102126121521,0.4444444477558136,-0.6111111044883728,-1.1111111640930176,-2.222454786300659,0.02669304795563221,-0.4560903012752533,0.2224656343460083,0.4444444477558136,2222.5,4.0,,11.0,,3.0,0.6111111111111112
ppo_car_007_spread_b,1090000,-4.207012176513672,554.066650390625,0.01651686057448387,0.0410982221364975,1.3809562921524048,0.09090909361839294,-0.5454545617103577,-2.2727272510528564,-1.5129750967025757,0.005208464805036783,-0.3201473355293274,0.04955882206559181,0.09090909361839294,1513.0,10.0,,10.0,,2.0,0.45454545454545453
ppo_car_007_spread_b,1100000,-5.542291641235352,589.4117431640625,,,1.380200743675232,0.2916666567325592,-0.5416666865348816,-3.3333332538604736,-1.6716279983520508,0.03606057167053223,-0.3361591100692749,0.171584814786911,0.2916666567325592,1671.6666259765625,16.0,,6.0,,2.0,0.25
ppo_car_007_spread_b,1110000,-4.730327129364014,406.8461608886719,0.017022572457790375,0.13917772471904755,1.3801932334899902,0.25,-0.59375,-2.65625,-1.322951078414917,0.016332710161805153,-0.2729896008968353,0.1438392847776413,0.25,1322.96875,17.0,,8.0,,7.0,0.25
ppo_car_007_spread_b,1120000,-4.809699058532715,770.2307739257812,,,1.3795509338378906,0.2142857164144516,-1.0,-0.7142857313156128,-2.864520311355591,0.012850494123995304,-0.5905667543411255,0.11720111221075058,0.2142857164144516,2864.571533203125,2.0,,12.0,,,0.8571428571428571
ppo_car_007_spread_b,1130000,-4.29725980758667,495.2727355957031,,,1.3795509338378906,0.13793103396892548,-0.48275861144065857,-2.2413792610168457,-1.5040448904037476,0.01998545043170452,-0.3227435350418091,0.09901118278503418,0.13793103396892548,1504.0689697265625,13.0,,12.0,,4.0,0.41379310344827586
ppo_car_007_spread_b,1140000,-4.019732475280762,597.6666870117188,0.013911078684031963,0.055386222898960114,1.3786051273345947,0.13636364042758942,-0.5454545617103577,-2.045454502105713,-1.6317002773284912,0.003595147281885147,-0.31736570596694946,0.06844127178192139,0.13636364042758942,1631.727294921875,9.0,,11.0,,2.0,0.5
ppo_car_007_spread_b,1150000,-5.626257419586182,474.6666564941406,,,1.378577470779419,0.5945945978164673,-0.8108108043670654,-3.9189188480377197,-1.3869727849960327,0.017188405618071556,-0.2811860144138336,0.30214962363243103,0.5945945978164673,1387.0,29.0,,3.0,,5.0,0.08108108108108109
ppo_car_007_spread_b,1160000,-4.149150848388672,455.8666687011719,0.015237106010317802,0.1233651414513588,1.3788851499557495,0.10000000149011612,-0.4000000059604645,-2.5,-1.3697339296340942,0.012072356417775154,-0.27104565501213074,0.06651034206151962,0.10000000149011612,1369.75,10.0,,8.0,,2.0,0.4
ppo_car_007_spread_b,1170000,-3.8079094886779785,484.6499938964844,,,1.3789269924163818,0.1785714328289032,-0.4642857015132904,-2.142857074737549,-1.3846876621246338,0.017255088314414024,-0.2804250717163086,0.1090870052576065,0.1785714328289032,1384.7142333984375,12.0,,10.0,,6.0,0.35714285714285715
ppo_car_007_spread_b,1180000,-4.973775386810303,687.5999755859375,0.0138394795358181,0.07212939858436584,1.3792312145233154,0.3333333432674408,-0.761904776096344,-2.3809523582458496,-1.9674700498580933,0.020387858152389526,-0.4144841134548187,0.18861675262451172,0.3333333432674408,1967.4761962890625,10.0,,11.0,,,0.5238095238095238
ppo_car_007_spread_b,1190000,-4.537449836730957,537.2941284179688,,,1.3793030977249146,0.2380952388048172,-0.523809552192688,-2.3809523582458496,-1.741544246673584,0.02053127996623516,-0.36010029911994934,0.12244474142789841,0.2380952388048172,1741.5714111328125,10.0,,9.0,,2.0,0.42857142857142855
ppo_car_007_spread_b,1200000,-4.234889507293701,637.6666870117188,0.015549312345683575,0.060951393097639084,1.3796950578689575,0.1666666716337204,-0.6666666865348816,-1.3888888359069824,-2.1272075176239014,0.006806941237300634,-0.4381396174430847,0.08620915561914444,0.1666666716337204,2127.22216796875,5.0,,10.0,,3.0,0.5555555555555556
ppo_car_007_spread_b,1210000,-4.919702053070068,404.32257080078125,,,1.3798280954360962,0.2432432472705841,-0.45945945382118225,-2.972972869873047,-1.3548935651779175,0.02294442616403103,-0.27163195610046387,0.13235917687416077,0.2432432472705841,1354.9189453125,22.0,,8.0,,7.0,0.21621621621621623
ppo_car_007_spread_b,1220000,-4.095257759094238,682.5333251953125,0.017765946686267853,0.10635301470756531,1.3797765970230103,0.190476194024086,-0.6190476417541504,-1.4285714626312256,-1.9532099962234497,0.010947109200060368,-0.42534589767456055,0.10734525322914124,0.190476194024086,1953.238037109375,6.0,,13.0,,2.0,0.6190476190476191
ppo_car_007_spread_b,1230000,-4.974996089935303,661.9285888671875,,,1.3797589540481567,0.1764705926179886,-0.5882353186607361,-2.058823585510254,-2.18314528465271,0.019879791885614395,-0.4436597526073456,0.0970819741487503,0.1764705926179886,2183.176513671875,7.0,,10.0,,,0.5882352941176471
ppo_car_007_spread_b,1240000,-4.461015701293945,648.6842041015625,0.01606627367436886,0.02945486456155777,1.3789608478546143,0.3199999928474426,-0.7599999904632568,-1.7999999523162842,-1.972312092781067,0.0074661909602582455,-0.40349429845809937,0.159723699092865,0.3199999928474426,1972.3599853515625,9.0,,12.0,,4.0,0.48
ppo_car_007_spread_b,1250000,-5.025702953338623,385.80950927734375,,,1.3785394430160522,0.0833333358168602,-0.4166666567325592,-2.9166667461395264,-1.351276159286499,0.00899646058678627,-0.2760658860206604,0.056094300001859665,0.0833333358168602,1351.2916259765625,14.0,,5.0,,5.0,0.20833333333333334
ppo_car_007_spread_b,1260000,-4.571313381195068,628.111083984375,0.01590316742658615,0.1037372499704361,1.3783693313598633,0.25,-0.7083333134651184,-1.875,-1.885172724723816,0.009648862294852734,-0.39429813623428345,0.13404761254787445,0.25,1885.2083740234375,9.0,,12.0,,3.0,0.5
ppo_car_007_spread_b,1270000,-4.27958869934082,437.29412841796875,,,1.3782598972320557,0.0,-0.3636363744735718,-2.5,-1.3535336256027222,0.01651887036859989,-0.2848903238773346,0.04209373518824577,0.0,1353.54541015625,11.0,,8.0,,3.0,0.36363636363636365
ppo_car_007_spread_b,1280000,-4.453051567077637,551.2857055664062,0.014900987036526203,0.06954128295183182,1.3780676126480103,0.15789473056793213,-0.2631579041481018,-2.6315789222717285,-1.6267130374908447,0.010461084544658661,-0.3276780843734741,0.08352617174386978,0.15789473056793213,1626.73681640625,10.0,,7.0,,2.0,0.3684210526315789
ppo_car_007_spread_b,1290000,-5.554413318634033,685.7142944335938,,,1.3779150247573853,0.47999998927116394,-1.0399999618530273,-2.4000000953674316,-2.305788040161133,0.025608647614717484,-0.48933565616607666,0.26374390721321106,0.47999998927116394,2305.840087890625,12.0,,10.0,,3.0,0.4
ppo_car_007_spread_b,1300000,-3.8505005836486816,597.6470336914062,0.015108475461602211,0.09878025203943253,1.3777176141738892,0.30000001192092896,-0.550000011920929,-1.5,-2.03347110748291,0.017749808728694916,-0.41099873185157776,0.15486152470111847,0.30000001192092896,2033.5,6.0,,11.0,,3.0,0.55
ppo_car_007_spread_b,1310000,-4.138277530670166,523.388916015625,,,1.3774521350860596,0.1538461595773697,-0.42307692766189575,-2.5,-1.449472188949585,0.023722099140286446,-0.3018663823604584,0.09534575045108795,0.1538461595773697,1449.5,13.0,,10.0,,3.0,0.38461538461538464
ppo_car_007_spread_b,1320000,-3.561652421951294,400.79998779296875,0.01888231746852398,0.044789135456085205,1.377380609512329,0.11538461595773697,-0.3076923191547394,-2.115384578704834,-1.23116934299469,0.004108916036784649,-0.24627147614955902,0.06561833620071411,0.11538461595773697,1231.1922607421875,11.0,,9.0,,6.0,0.34615384615384615
ppo_car_007_spread_b,1330000,-4.682668209075928,717.0625,,,1.377284288406372,0.190476194024086,-0.761904776096344,-1.6666666269302368,-2.1882402896881104,0.011587150394916534,-0.4391380250453949,0.09466074407100677,0.190476194024086,2188.28564453125,7.0,,13.0,,1.0,0.6190476190476191
ppo_car_007_spread_b,1340000,-5.621648788452148,611.1333618164062,0.012389536015689373,0.09122033417224884,1.3771600723266602,0.29411765933036804,-0.7647058963775635,-2.6470587253570557,-2.1602542400360107,0.01582491397857666,-0.4503905475139618,0.1626409888267517,0.29411765933036804,2160.294189453125,9.0,,8.0,,,0.47058823529411764
ppo_car_007_spread_b,1350000,-4.059682369232178,477.73077392578125,,,1.3769396543502808,0.05714285746216774,-0.4000000059604645,-2.142857074737549,-1.4205524921417236,0.007583020254969597,-0.30026018619537354,0.04130827635526657,0.05714285746216774,1420.5714111328125,15.0,,14.0,,6.0,0.4
ppo_car_007_spread_b,1360000,-3.6440465450286865,499.6666564941406,0.017073040828108788,0.037238407880067825,1.3768994808197021,0.0,-0.529411792755127,-1.1764706373214722,-1.7649205923080444,0.008665698580443859,-0.34939539432525635,0.008900091983377934,0.0,1764.941162109375,4.0,,10.0,,3.0,0.5882352941176471
ppo_car_007_spread_b,1370000,-4.740427494049072,530.375,,,1.376798391342163,0.40909090638160706,-0.6363636255264282,-2.954545497894287,-1.5438326597213745,0.019753091037273407,-0.3244147002696991,0.21999292075634003,0.40909090638160706,1543.8636474609375,13.0,,6.0,,3.0,0.2727272727272727
ppo_car_007_spread_b,1380000,-4.860620975494385,447.4347839355469,0.010721631348133087,0.1200246810913086,1.37682044506073,0.1515151560306549,-0.4848484992980957,-3.0303030014038086,-1.2491613626480103,0.019309505820274353,-0.2558809518814087,0.09765113890171051,0.1515151560306549,1249.1817626953125,20.0,,10.0,,3.0,0.30303030303030304
ppo_car_007_spread_b,1390000,-4.020137786865234,695.9166870117188,,,1.376897931098938,0.1666666716337204,-0.5,-1.9444444179534912,-1.8578555583953857,0.030637072399258614,-0.37658435106277466,0.1350303441286087,0.1666666716337204,1857.888916015625,7.0,,9.0,,2.0,0.5
ppo_car_007_spread_b,1400000,-5.119311332702637,655.2857055664062,0.01792389154434204,0.06240410357713699,1.3767917156219482,0.6363636255264282,-0.6363636255264282,-2.2727272510528564,-2.504432439804077,0.038925882428884506,-0.5098272562026978,0.319286048412323,0.6363636255264282,2504.5,10.0,,9.0,,3.0,0.4090909090909091
ppo_car_007_spread_b,1410000,-4.381737232208252,422.17242431640625,,,1.3763738870620728,0.22857142984867096,-0.5428571701049805,-2.5714285373687744,-1.4004732370376587,0.009799490682780743,-0.2961410880088806,0.1262984424829483,0.22857142984867096,1400.4857177734375,18.0,,11.0,,6.0,0.3142857142857143
ppo_car_007_spread_b,1420000,-4.302919864654541,459.8999938964844,0.013500578701496124,0.08662530779838562,1.3762550354003906,0.1071428582072258,-0.4285714328289032,-2.6785714626312256,-1.3163750171661377,0.010981911793351173,-0.2682326138019562,0.0705956220626831,0.1071428582072258,1316.392822265625,15.0,,11.0,,2.0,0.39285714285714285
ppo_car_007_spread_b,1430000,-4.162613868713379,379.79998779296875,,,1.3756166696548462,0.11999999731779099,-0.4000000059604645,-2.5999999046325684,-1.2154263257980347,0.009433635510504246,-0.2515120208263397,0.04973755031824112,0.11999999731779099,1215.43994140625,13.0,,8.0,,4.0,0.32
ppo_car_007_spread_b,1440000,-3.960561513900757,628.7647094726562,0.015311469323933125,0.04543019086122513,1.3755743503570557,0.27272728085517883,-0.7272727489471436,-1.8181818723678589,-1.9456082582473755,0.004153538029640913,-0.3950763940811157,0.14253994822502136,0.27272728085517883,1945.6363525390625,8.0,,12.0,,2.0,0.5454545454545454
ppo_car_007_spread_b,1450000,-4.549520015716553,427.2592468261719,,,1.3748773336410522,0.1764705926179886,-0.5,-2.6470587253570557,-1.3569716215133667,0.008541884832084179,-0.2665526568889618,0.08761852234601974,0.1764705926179886,1357.0,18.0,,11.0,,5.0,0.3235294117647059
ppo_car_007_spread_b,1460000,-4.284478187561035,412.0799865722656,0.018847672268748283,0.12430531531572342,1.3748749494552612,0.16129031777381897,-0.5483871102333069,-2.4193549156188965,-1.328052043914795,0.008439823053777218,-0.2717517912387848,0.09155477583408356,0.16129031777381897,1328.0645751953125,15.0,,10.0,,6.0,0.3225806451612903
ppo_car_007_spread_b,1470000,-4.16956090927124,803.9166870117188,,,1.3744065761566162,0.2857142984867096,-0.7142857313156128,-0.7142857313156128,-2.759742021560669,0.024318046867847443,-0.566783607006073,0.15475213527679443,0.2857142984867096,2759.78564453125,2.0,,12.0,,,0.8571428571428571
ppo_car_007_spread_b,1480000,-3.974388360977173,373.0434875488281,,,1.3744066953659058,0.1111111119389534,-0.5185185074806213,-2.222222328186035,-1.2693872451782227,0.0036926015745848417,-0.2457343339920044,0.05742470547556877,0.1111111119389534,1269.4073486328125,12.0,,10.0,,5.0,0.37037037037037035
ppo_car_007_spread_b,1490000,-4.8771796226501465,691.5,0.020654896274209023,0.04537396878004074,1.3744580745697021,0.2631579041481018,-0.5263158082962036,-2.1052632331848145,-2.0411691665649414,0.015030373819172382,-0.40459316968917847,0.151102676987648,0.2631579041481018,2041.2105712890625,8.0,,10.0,,1.0,0.5263157894736842
ppo_car_007_spread_b,1500000,-4.19259786605835,320.15625,,,1.3744608163833618,0.1666666716337204,-0.380952388048172,-3.095238208770752,-0.9768902659416199,0.004837782587856054,-0.189192995429039,0.08727323263883591,0.1666666716337204,976.90478515625,26.0,,11.0,,5.0,0.2619047619047619
ppo_car_007_spread_b,1510000,-4.17939567565918,452.7727355957031,0.01654556579887867,0.11938633769750595,1.3746838569641113,0.23999999463558197,-0.5600000023841858,-2.0,-1.5943740606307983,0.018395373597741127,-0.3126909136772156,0.1118907630443573,0.23999999463558197,1594.4000244140625,10.0,,10.0,,5.0,0.4
ppo_car_007_spread_b,1520000,-4.630218029022217,479.7894592285156,,,1.3747214078903198,0.17391304671764374,-0.47826087474823,-2.3913042545318604,-1.5875850915908813,0.016575051471590996,-0.3105439245700836,0.09995520114898682,0.17391304671764374,1587.608642578125,11.0,,9.0,,3.0,0.391304347826087
ppo_car_007_spread_b,1530000,-4.331132888793945,372.6071472167969,0.018141835927963257,0.05828035622835159,1.3741918802261353,0.4117647111415863,-0.6176470518112183,-2.941176414489746,-1.2300697565078735,0.010612298734486103,-0.25298669934272766,0.21329458057880402,0.4117647111415863,1230.0882568359375,20.0,,10.0,,4.0,0.29411764705882354
ppo_car_007_spread_b,1540000,-3.9457955360412598,397.6190490722656,,,1.3740915060043335,0.0833333358168602,-0.4583333432674408,-2.0833332538604736,-1.3943171501159668,0.009068464860320091,-0.2852981984615326,0.050721582025289536,0.0833333358168602,1394.3333740234375,10.0,,11.0,,3.0,0.4583333333333333
ppo_car_007_spread_b,1550000,-4.019310474395752,493.047607421875,0.01744985766708851,0.10053950548171997,1.3743312358856201,0.3478260934352875,-0.739130437374115,-1.7391303777694702,-1.8027042150497437,0.011003275401890278,-0.365278422832489,0.18315401673316956,0.3478260934352875,1802.7391357421875,8.0,,11.0,,4.0,0.4782608695652174
ppo_car_007_spread_b,1560000,-3.748729944229126,536.7142944335938,,,1.3743916749954224,0.0555555559694767,-0.4444444477558136,-1.6666666269302368,-1.67170250415802,0.0052924430929124355,-0.34074974060058594,0.03927004337310791,0.0555555559694767,1671.72216796875,6.0,,10.0,,2.0,0.5555555555555556
ppo_car_007_spread_b,1570000,-4.179184913635254,375.8285827636719,0.020204927772283554,0.13266530632972717,1.373931884765625,0.4047619104385376,-0.5476190447807312,-2.857142925262451,-1.253997802734375,0.014636094681918621,-0.26705098152160645,0.2008337527513504,0.4047619104385376,1254.0238037109375,24.0,,12.0,,6.0,0.2857142857142857
ppo_car_007_spread_b,1580000,-3.928875207901001,542.3333129882812,,,1.373733401298523,0.14814814925193787,-0.5925925970077515,-1.8518518209457397,-1.6891584396362305,0.013076000846922398,-0.3436577022075653,0.09766332805156708,0.14814814925193787,1689.1851806640625,10.0,,14.0,,3.0,0.5185185185185185
ppo_car_007_spread_b,1590000,-4.421093940734863,350.5199890136719,0.013752278871834278,0.058845676481723785,1.373260498046875,0.20000000298023224,-0.4333333373069763,-3.0,-1.1686087846755981,0.024272797629237175,-0.24584737420082092,0.1161639541387558,0.20000000298023224,1168.63330078125,18.0,,6.0,,6.0,0.2
ppo_car_007_spread_b,1600000,-4.954724311828613,592.8235473632812,,,1.3730239868164062,0.4444444477558136,-1.0555555820465088,-1.9444444179534912,-2.2421774864196777,0.021752970293164253,-0.4441796839237213,0.2529345750808716,0.4444444477558136,2242.22216796875,7.0,,9.0,,2.0,0.5
ppo_car_007_spread_b,1610000,-4.733666896820068,661.066650390625,0.018125073984265327,0.07698111981153488,1.37294602394104,0.2777777910232544,-0.6111111044883728,-1.9444444179534912,-2.206242084503174,0.024053232744336128,-0.44538038969039917,0.14829157292842865,0.2777777910232544,2206.27783203125,7.0,,10.0,,1.0,0.5555555555555556
ppo_car_007_spread_b,1620000,-5.041611671447754,604.5882568359375,,,1.3728935718536377,0.44999998807907104,-0.800000011920929,-2.25,-2.0577783584594727,0.033562108874320984,-0.4104800820350647,0.24855904281139374,0.44999998807907104,2057.800048828125,9.0,,8.0,,3.0,0.4
ppo_car_007_spread_b,1630000,-3.9909136295318604,436.6538391113281,0.01725040189921856,0.09493201971054077,1.3726204633712769,0.12121212482452393,-0.39393940567970276,-2.4242424964904785,-1.3758546113967896,0.01775982603430748,-0.265868216753006,0.07285213470458984,0.12121212482452393,1375.8787841796875,16.0,,11.0,,6.0,0.3333333333333333
ppo_car_007_spread_b,1640000,-4.2388105392456055,505.3333435058594,,,1.3724206686019897,0.23999999463558197,-0.6800000071525574,-2.0,-1.6999653577804565,0.007388886064291,-0.3501196801662445,0.12254054099321365,0.23999999463558197,1700.0,10.0,,12.0,,3.0,0.48
ppo_car_007_spread_b,1650000,-3.970411539077759,500.0,0.023225408047437668,0.05916951969265938,1.3722506761550903,0.2631579041481018,-0.5789473652839661,-2.1052632331848145,-1.5815001726150513,0.008117984049022198,-0.32312172651290894,0.12894727289676666,0.2631579041481018,1581.5263671875,8.0,,9.0,,2.0,0.47368421052631576
ppo_car_007_spread_b,1660000,-4.052207946777344,588.2941284179688,,,1.3720924854278564,0.19230769574642181,-0.5,-2.307692289352417,-1.540196418762207,0.006174155976623297,-0.3152244985103607,0.08429856598377228,0.19230769574642181,1540.230712890625,12.0,,11.0,,3.0,0.4230769230769231
ppo_car_007_spread_b,1670000,-4.513296604156494,480.45001220703125,0.012723461724817753,0.05073205754160881,1.3718645572662354,0.1599999964237213,-0.4399999976158142,-2.4000000953674316,-1.5390154123306274,0.007829679176211357,-0.30002740025520325,0.10053946077823639,0.1599999964237213,1539.0400390625,12.0,,9.0,,4.0,0.36
ppo_car_007_spread_b,1680000,-4.177911758422852,594.75,,,1.371604323387146,0.3181818127632141,-0.6818181872367859,-2.045454502105713,-1.7321072816848755,0.008130223490297794,-0.36071786284446716,0.13712404668331146,0.3181818127632141,1732.1363525390625,9.0,,10.0,,3.0,0.45454545454545453
ppo_car_007_spread_b,1690000,-5.087925434112549,460.3157958984375,0.02264520339667797,0.10368649661540985,1.3715143203735352,0.2631579041481018,-0.9473684430122375,-2.3684210777282715,-1.8430182933807373,0.01651906780898571,-0.3573666512966156,0.14911940693855286,0.2631579041481018,1843.0526123046875,9.0,,8.0,,2.0,0.42105263157894735
ppo_car_007_spread_b,1700000,-4.299943923950195,662.941162109375,,,1.3713455200195312,0.190476194024086,-0.5714285969734192,-1.6666666269302368,-2.1491000652313232,0.0299859456717968,-0.4260922968387604,0.15842220187187195,0.190476194024086,2149.142822265625,7.0,,13.0,,1.0,0.6190476190476191
ppo_car_007_spread_b,1710000,-4.335026264190674,373.6499938964844,0.014598063193261623,0.07126400619745255,1.3712613582611084,0.1034482792019844,-0.37931033968925476,-2.931034564971924,-1.0304391384124756,0.011522241868078709,-0.21246542036533356,0.07179723680019379,0.1034482792019844,1030.4482421875,17.0,,5.0,,7.0,0.1724137931034483
ppo_car_007_spread_b,1720000,-4.265259742736816,321.2962951660156,,,1.3711186647415161,0.2368421107530594,-0.4736842215061188,-3.1578948497772217,-0.9139316082000732,0.008825900964438915,-0.179372176527977,0.12076369673013687,0.2368421107530594,913.9473876953125,24.0,,9.0,,5.0,0.23684210526315788
ppo_car_007_spread_b,1730000,-5.124654769897461,829.5499877929688,0.015909681096673012,0.10105636715888977,1.37102472782135,0.4399999976158142,-1.0,-1.600000023841858,-2.657649278640747,0.020281510427594185,-0.5311658382415771,0.24883046746253967,0.4399999976158142,2657.679931640625,8.0,,17.0,,,0.68
ppo_car_007_spread_b,1740000,-4.055720329284668,551.7894897460938,,,1.3707941770553589,0.260869562625885,-0.695652186870575,-1.7391303777694702,-1.8248859643936157,0.007333206944167614,-0.35955357551574707,0.15462122857570648,0.260869562625885,1824.9130859375,8.0,,12.0,,3.0,0.5217391304347826
ppo_car_007_spread_b,1750000,-4.066653728485107,410.45001220703125,0.02274356596171856,0.05732210725545883,1.3708114624023438,0.1666666716337204,-0.5833333134651184,-2.2916667461395264,-1.3666867017745972,0.006458216346800327,-0.2793016731739044,0.08802986145019531,0.1666666716337204,1366.7083740234375,11.0,,7.0,,6.0,0.2916666666666667
ppo_car_007_spread_b,1760000,-4.3115668296813965,571.2000122070312,,,1.3708629608154297,0.11538461595773697,-0.5,-1.923076868057251,-1.758626103401184,0.011266596615314484,-0.34806251525878906,0.07518543303012848,0.11538461595773697,1758.65380859375,10.0,,13.0,,3.0,0.5
ppo_car_007_spread_b,1770000,-4.710550785064697,511.4285583496094,0.013865655288100243,0.05128830298781395,1.3708192110061646,0.36000001430511475,-0.6000000238418579,-2.5999999046325684,-1.7210839986801147,0.016804680228233337,-0.34501054883003235,0.16863976418972015,0.36000001430511475,1721.1199951171875,13.0,,10.0,,2.0,0.4
ppo_car_007_spread_b,1780000,-3.4934258460998535,575.6923217773438,,,1.3705918788909912,0.1764705926179886,-0.5882353186607361,-1.470588207244873,-1.7624443769454956,0.022677723318338394,-0.35463249683380127,0.12955503165721893,0.1764705926179886,1762.4705810546875,5.0,,9.0,,3.0,0.5294117647058824
ppo_car_007_spread_b,1790000,-4.897708415985107,396.2069091796875,0.018285471946001053,0.14060497283935547,1.370561122894287,0.24242424964904785,-0.6969696879386902,-2.8787879943847656,-1.3928250074386597,0.015407377853989601,-0.27892062067985535,0.12661533057689667,0.24242424964904785,1392.8485107421875,19.0,,9.0,,5.0,0.2727272727272727
ppo_car_007_spread_b,1800000,-3.754115343093872,523.7058715820312,,,1.3703798055648804,0.15789473056793213,-0.5789473652839661,-1.3157894611358643,-1.871391773223877,0.005696514621376991,-0.3889765739440918,0.08635169267654419,0.15789473056793213,1871.4210205078125,5.0,,11.0,,3.0,0.5789473684210527
ppo_car_007_spread_b,1810000,-4.088305473327637,705.5333251953125,0.01962892897427082,0.032538849860429764,1.3703678846359253,0.47058823704719543,-0.7647058963775635,-1.1764706373214722,-2.4935526847839355,0.019198348745703697,-0.5138314366340637,0.2622309625148773,0.47058823704719543,2493.588134765625,4.0,,12.0,,1.0,0.7058823529411765
ppo_car_007_spread_b,1820000,-4.885221481323242,460.7727355957031,,,1.370166540145874,0.125,-0.5416666865348816,-2.2916667461395264,-1.6909390687942505,0.01942569948732853,-0.3313964307308197,0.0681937113404274,0.125,1690.9583740234375,11.0,,9.0,,4.0,0.375
ppo_car_007_spread_b,1830000,-3.5946128368377686,459.1875,0.01928047090768814,0.10186614096164703,1.3701567649841309,0.0555555559694767,-0.5,-1.3888888359069824,-1.6331493854522705,0.004252951592206955,-0.3218614459037781,0.03601297736167908,0.0555555559694767,1633.1666259765625,5.0,,9.0,,4.0,0.5
ppo_car_007_spread_b,1840000,-4.759537220001221,580.8421020507812,,,1.3699983358383179,0.2857142984867096,-0.5714285969734192,-2.142857074737549,-2.1038658618927,0.01733819581568241,-0.42149561643600464,0.15409529209136963,0.2857142984867096,2103.90478515625,9.0,,10.0,,2.0,0.47619047619047616
ppo_car_007_spread_b,1850000,-3.9011788368225098,456.0,,,1.3699983358383179,0.13333334028720856,-0.5,-2.0,-1.5210816860198975,0.004291903227567673,-0.30006247758865356,0.07813214510679245,0.13333334028720856,1521.0999755859375,12.0,,13.0,,5.0,0.43333333333333335
ppo_car_007_spread_b,1860000,-4.887655735015869,405.1600036621094,0.017390277236700058,0.09905112534761429,1.369871973991394,0.1944444477558136,-0.4166666567325592,-3.3333332538604736,-1.127017617225647,0.005183036904782057,-0.21682579815387726,0.10220786184072495,0.1944444477558136,1127.02783203125,24.0,,8.0,,4.0,0.2222222222222222
ppo_car_007_spread_b,1870000,-4.680062770843506,709.3125,,,1.3698691129684448,0.19230769574642181,-0.5769230723381042,-2.5,-1.748348355293274,0.01590619422495365,-0.33965837955474854,0.11354252696037292,0.19230769574642181,1748.3846435546875,13.0,,12.0,,1.0,0.46153846153846156
ppo_car_007_spread_b,1880000,-3.747042655944824,537.2142944335938,0.015292027965188026,0.0502016581594944,1.3698704242706299,0.095238097012043,-0.4761904776096344,-2.142857074737549,-1.4333163499832153,0.011577664874494076,-0.28195708990097046,0.06271190941333771,0.095238097012043,1433.3333740234375,9.0,,10.0,,2.0,0.47619047619047616
ppo_car_007_spread_b,1890000,-4.344206809997559,448.60870361328125,,,1.3698705434799194,0.29629629850387573,-0.5925925970077515,-2.222222328186035,-1.5294944047927856,0.013480430468916893,-0.314164936542511,0.14877735078334808,0.29629629850387573,1529.5185546875,12.0,,9.0,,6.0,0.3333333333333333
ppo_car_007_spread_b,1900000,-4.06151819229126,607.7222290039062,0.020116271451115608,0.06066126748919487,1.3699573278427124,0.1818181872367859,-0.5454545617103577,-1.5909091234207153,-1.9900544881820679,0.011188257485628128,-0.39679133892059326,0.09954150021076202,0.1818181872367859,1990.0909423828125,7.0,,11.0,,4.0,0.5
ppo_car_007_spread_b,1910000,-4.654693126678467,459.29412841796875,,,1.3699742555618286,0.095238097012043,-0.523809552192688,-2.6190476417541504,-1.4897379875183105,0.018321877345442772,-0.2893822193145752,0.08740405738353729,0.095238097012043,1489.761962890625,11.0,,9.0,,1.0,0.42857142857142855
ppo_car_007_spread_b,1920000,-4.41884708404541,610.0555419921875,0.017063850536942482,0.05558020621538162,1.3699607849121094,0.17391304671764374,-0.6086956262588501,-1.95652174949646,-1.912137746810913,0.02919330634176731,-0.3804055452346802,0.10940710455179214,0.17391304671764374,1912.1739501953125,9.0,,12.0,,2.0,0.5217391304347826
ppo_car_007_spread_b,1930000,-4.085707664489746,408.4545593261719,,,1.3699570894241333,0.1785714328289032,-0.3571428656578064,-2.6785714626312256,-1.2836236953735352,0.012027889490127563,-0.2548442482948303,0.10446318984031677,0.1785714328289032,1283.642822265625,15.0,,8.0,,5.0,0.2857142857142857
ppo_car_007_spread_b,1940000,-3.822397470474243,596.4444580078125,0.015765251591801643,0.08611580729484558,1.369860291481018,0.2916666567325592,-0.5833333134651184,-1.4583333730697632,-1.7905864715576172,0.01149917021393776,-0.3574756681919098,0.15561248362064362,0.2916666567325592,1790.625,7.0,,12.0,,5.0,0.5
ppo_car_007_spread_b,1950000,-4.766036510467529,663.5454711914062,,,1.3698216676712036,0.1875,-0.75,-1.875,-1.8279093503952026,0.0010477874893695116,-0.3684009313583374,0.09312554448843002,0.1875,1827.9375,6.0,,9.0,,1.0,0.5625
ppo_car_007_spread_b,1960000,-4.707772731781006,686.1875,0.01723722368478775,0.035118572413921356,1.3698041439056396,0.3499999940395355,-0.699999988079071,-2.0,-2.1985104084014893,0.031962957233190536,-0.4340400695800781,0.18346546590328217,0.3499999940395355,2198.550048828125,8.0,,11.0,,1.0,0.55
ppo_car_007_spread_b,1970000,-4.287009239196777,738.11767578125,,,1.3697960376739502,0.15000000596046448,-0.6499999761581421,-1.25,-2.5121047496795654,0.02621687576174736,-0.5046753287315369,0.09633579850196838,0.15000000596046448,2512.14990234375,5.0,,14.0,,1.0,0.7
ppo_car_007_spread_b,1980000,-4.702014446258545,423.1290283203125,0.01860078237950802,0.05426508188247681,1.3697952032089233,0.25,-0.6000000238418579,-2.875,-1.3115568161010742,0.01215172279626131,-0.2623167037963867,0.13601303100585938,0.25,1311.574951171875,23.0,,10.0,,7.0,0.25
ppo_car_007_spread_b,1990000,-4.141161918640137,270.5384521484375,,,1.3697946071624756,0.37142857909202576,-0.3142857253551483,-3.2857143878936768,-0.8059627413749695,0.004533152095973492,-0.16258874535560608,0.18456389009952545,0.37142857909202576,805.971435546875,23.0,,7.0,,5.0,0.2
ppo_car_007_spread_b,2000000,-4.254663944244385,668.7222290039062,0.012935791164636612,0.1532108336687088,1.3697917461395264,0.30434781312942505,-0.6521739363670349,-1.52173912525177,-2.095703601837158,0.01590602472424507,-0.41834256052970886,0.16768470406532288,0.30434781312942505,2095.739013671875,7.0,,13.0,,3.0,0.5652173913043478
